Unnamed: 0,suspect_id,name,occupation,nationality,age,height_cm,weight_kg,total_spent,num_transactions,spending_intensity
0,1,William Jennings,"Designer, television/film set",Germany,56.0,165,52.0,6494.72,53,122.54188679245283
1,2,Lesley Wilson-Newman,"Engineer, communications",Italy,69.0,188,90.0,4914.24,43,114.2846511627907
2,3,Abdul Hopkins,Trade union research officer,Canada,46.0,154,94.0,2887.32,24,120.305
3,4,Mrs Lauren Green,Corporate investment banker,Isle of Man,32.0,1.71,67.0,32497.94,28,1160.6407142857142
4,5,Tina Foster,Fitness centre manager,Portugal,60.0,178,96.0,4355.72,30,145.1906666666667
5,6,Nigel Edwards,Associate Professor,Costa Rica,25.0,152,85.0,4372.07,35,124.9162857142857
6,7,Abdul Burton-Patterson,Quarry manager,Isle of Man,38.0,161,96.0,4863.62,41,118.62487804878049
7,8,Sarah Reed-Walsh,Meteorologist,Macao,56.0,175,71.0,7362.33,55,133.86054545454544
8,9,Miss Olivia Bryan,"Surveyor, building",Singapore,36.0,165,83.0,2018.16,15,134.544
9,10,Dr Lee Green,"Civil engineer, contracting",New Zealand,40.0,186,96.0,7050.73,54,130.56907407407405
10,11,Eleanor Baker,"Scientist, clinical (histocompatibility and immunogenetics)",Uruguay,28.0,171,57.0,7129.71,55,129.63109090909091
11,12,Wayne Gough,Company secretary,Latvia,28.0,178,89.0,4526.85,39,116.07307692307693
12,13,Bernard Wilkinson-Simpson,Higher education careers adviser,Tunisia,41.0,163,98.0,5130.27,45,114.00600000000001
13,14,Mrs Julia Harris,Charity officer,Thailand,53.0,177,93.0,30904.300000000003,25,1236.172
14,15,Dylan Young,"Designer, multimedia",Saint Pierre and Miquelon,57.0,154,68.0,7345.77,54,136.0327777777778
15,16,Ms Lindsey Rees,Government social research officer,Saint Lucia,4100.0,196,91.0,6460.849999999999,20,323.04249999999996
16,17,Geoffrey Griffin,"Production assistant, television",Bahamas,20.0,198,90.0,88288.56,36,2452.46
17,18,Megan Taylor,Scientific laboratory technician,Romania,39.0,179,86.0,4722.24,38,124.26947368421052
18,19,Miss Carole Woods,Data processing manager,Burundi,19.0,195,55.0,7323.14,60,122.05233333333334
19,20,Ms Sheila Evans,Press sub,Maldives,41.0,154,75.0,4868.31,43,113.21651162790698
20,21,Aaron Harrison,"Chemist, analytical",Cote d'Ivoire,61.0,161,83.0,3999.92,31,129.02967741935484
21,22,Brandon Hammond,Environmental education officer,Monaco,47.0,165,94.0,2937.88,23,127.73391304347827
22,23,Graham Wilkinson,"Production designer, theatre/television/film",Greece,55.0,175,55.0,11907.09,52,228.98250000000002
23,24,Amanda Hall,Magazine journalist,Panama,19.0,175,86.0,37767.26,27,1398.7874074074075
24,25,Frances Holmes-Lloyd,Aid worker,Lesotho,38.0,197,82.0,5529.49,43,128.59279069767442
25,26,Mrs Pauline Fuller,Patent examiner,Malta,50.0,170,71.0,2634.23,21,125.4395238095238
26,27,Dr Marc Phillips,Astronomer,Honduras,29.0,188,70.0,7308.23,59,123.86830508474576
27,28,Ruth Hawkins,Occupational hygienist,Germany,39.0,185,55.0,4023.72,30,134.124
28,29,Ms Jill Morley,Retail buyer,Zimbabwe,61.0,182,55.0,5330.68,51,104.52313725490197
29,30,Bernard Wilkins,Midwife,China,42.0,179,97.0,5773.61,39,148.04128205128205
30,31,Catherine Morris,Fashion designer,Kuwait,66.0,186,53.0,6293.08,54,116.53851851851852
31,32,Wayne Morris,Nature conservation officer,United States Minor Outlying Islands,44.0,172,79.0,2805.21,20,140.2605
32,33,Dr Paula Lloyd,Ceramics designer,Martinique,59.0,159,60.0,3909.06,32,122.158125
33,34,Kathryn Hughes,Minerals surveyor,Guam,45.0,154,79.0,7292.55,56,130.22410714285715
34,35,Mr William Gould,Environmental manager,Mayotte,33.0,185,80.0,3167.17,24,131.96541666666667
35,36,Bethan Oliver,Air broker,Guinea,32.0,183,73.0,14072.69,39,360.8382051282051
36,37,Lorraine Palmer,"Investment banker, operational",Philippines,64.0,180,58.0,12286.9,30,409.56333333333333
37,38,Arthur Smith,Child psychotherapist,Sierra Leone,68.0,159,52.0,6580.73,57,115.45140350877192
38,39,Christopher Davies,Legal executive,Trinidad and Tobago,61.0,168,80.0,3889.49,31,125.4674193548387
39,40,Bethan Young,Dancer,Saint Helena,69.0,181,89.0,4333.55,36,120.3763888888889
40,41,Dr Danny Cook,"Copywriter, advertising",Pitcairn Islands,20.0,150,86.0,10271.18,53,193.79584905660377
41,42,Marion Steele-Harper,Arboriculturist,Norway,54.0,154,85.0,6900.67,51,135.3072549019608
42,43,Wayne Page-Carter,Historic buildings inspector/conservation officer,Spain,68.0,194,73.0,1942.95,17,114.29117647058824
43,44,Alexander Taylor,Public house manager,Puerto Rico,24.0,153,80.0,4030.15,32,125.9421875
44,45,Frances Buckley-Ryan,Corporate treasurer,Estonia,38.0,165,55.0,12886.12,32,402.69125
45,46,Ms Kayleigh Watson,"Psychotherapist, child",New Zealand,26.0,173,51.0,5658.83,49,115.48632653061225
46,47,David Anderson,"Production assistant, radio",Liberia,56.0,165,69.0,8522.960000000001,54,157.83259259259262
47,48,John Griffiths,Warden/ranger,Congo,35.0,151,77.0,36316.3,52,698.3903846153846
48,49,Miss Alice Tomlinson,"Accountant, chartered public finance",Egypt,21.0,198,60.0,4941.87,37,133.56405405405405
49,50,Simon Cunningham,Cartographer,Fiji,42.0,177,53.0,20385.85,40,509.64624999999995
50,51,Joshua Stewart,Advertising account executive,Moldova,31.0,181,64.0,8229.11,57,144.370350877193
51,52,Philip Clarke,Furniture conservator/restorer,French Southern Territories,67.0,176,55.0,52331.52,22,2378.7054545454544
52,53,Henry O'Brien,"Engineer, structural",Czech Republic,26.0,169,98.0,14786.49,61,242.40147540983605
53,54,Leon Davison,Dealer,Western Sahara,43.0,173,79.0,6432.57,50,128.6514
54,55,Kayleigh Mitchell,Sports therapist,French Southern Territories,19.0,161,87.0,3934.02,30,131.134
55,56,Oliver Edwards-Matthews,Transport planner,Sierra Leone,37.0,199,51.0,2499.07,17,147.00411764705882
56,57,Victor Patel,"Secretary, company",France,45.0,184,64.0,6264.74,52,120.47576923076923
57,58,Eric O'Neill,Pharmacologist,Romania,64.0,182,60.0,18930.17,59,320.8503389830508
58,59,Charlotte Haynes,Clinical psychologist,Cote d'Ivoire,24.0,182,57.0,2791.51,20,139.5755
59,60,Martyn Wilson,Homeopath,Portugal,61.0,192,75.0,3500.32,26,134.6276923076923
60,61,Sarah Hammond,Field seismologist,Romania,25.0,186,94.0,4877.3,40,121.9325
61,62,Robert Wilson,Illustrator,Liechtenstein,64.0,161,93.0,2505.64,23,108.94086956521738
62,63,Maria Bruce,Community development worker,Ghana,52.0,152,54.0,2966.16,26,114.08307692307692
63,64,Olivia King,Art gallery manager,Lesotho,31.0,150,55.0,12380.23,21,589.5347619047619
64,65,Kayleigh Daniels,Field trials officer,Guernsey,34.0,182,75.0,6233.09,49,127.20591836734694
65,66,Gerard Jones,Personnel officer,Monaco,53.0,189,53.0,6592.36,46,143.31217391304347
66,67,Dr Dennis Bates,Writer,Vietnam,67.0,159,68.0,3868.08,31,124.77677419354839
67,68,Lydia Williams,"Programmer, systems",Vietnam,57.0,192,69.0,6702.3,58,115.55689655172414
68,69,Dr Joan Taylor,Biomedical scientist,South Africa,21.0,193,82.0,2325.49,20,116.27449999999999
69,70,Hazel Lambert,Clinical psychologist,Saint Helena,19.0,178,69.0,5907.07,47,125.6823404255319
70,71,Adam Long,Restaurant manager,Falkland Islands (Malvinas),23.0,162,98.0,8486.07,57,148.87842105263158
71,72,Leslie Roberts-Griffiths,"Therapist, speech and language",France,59.0,161,61.0,21859.08,55,397.4378181818182
72,73,Barbara Wilkinson,Social worker,British Virgin Islands,21.0,180,96.0,6381.19,57,111.95070175438596
73,74,Kirsty Akhtar,"Administrator, sports",Montserrat,46.0,195,50.0,2205.06,16,137.81625
74,75,Harry Gardiner,"Scientist, biomedical",Philippines,35.0,151,75.0,6338.96,50,126.7792
75,76,Melissa Mann,"Teacher, special educational needs",Mayotte,43.0,199,63.0,6566.14,59,111.29050847457627
76,77,Mr Peter Riley,Financial controller,Hong Kong,61.0,184,87.0,3741.19,32,116.9121875
77,78,Thomas Morgan,Cytogeneticist,Ukraine,51.0,172,86.0,4607.59,38,121.25236842105264
78,79,Mr Jake Stevenson,"Horticulturist, amenity",Indonesia,27.0,166,60.0,2840.93,22,129.1331818181818
79,80,Kenneth Taylor,"Pilot, airline",Svalbard & Jan Mayen Islands,53.0,175,85.0,46148.54,30,1538.2846666666667
80,81,Jennifer Lamb,Accommodation manager,Guatemala,31.0,157,62.0,6603.57,55,120.06490909090908
81,82,Miss Carole Hussain,Volunteer coordinator,Zimbabwe,48.0,178,92.0,22158.1,48,461.6270833333333
82,83,Ricky Adams-Jones,Manufacturing engineer,Sierra Leone,65.0,175,52.0,7625.31,53,143.87377358490568
83,84,Stephanie Lloyd,Financial adviser,Spain,32.0,159,82.0,22046.71,44,501.0615909090909
84,85,Leah Newman,"Teacher, English as a foreign language",Cameroon,25.0,175,55.0,2828.1,20,141.405
85,86,Sally George,Pension scheme manager,French Guiana,31.0,183,99.0,5635.52,44,128.08
86,87,Shane Kerr,"Embryologist, clinical",Armenia,40.0,190,59.0,3718.75,36,103.29861111111111
87,88,Mr Matthew Hunt,Chartered certified accountant,France,57.0,156,54.0,6332.46,50,126.64920000000001
89,90,Hazel Taylor,Media planner,Rwanda,33.0,199,59.0,2678.78,22,121.76272727272728
90,91,Mrs Ruth Smith,Broadcast journalist,Belgium,62.0,194,93.0,6394.77,49,130.50551020408165
91,92,Michael Bibi,Secondary school teacher,Guatemala,35.0,160,51.0,4687.66,37,126.69351351351351
92,93,Miss Danielle Martin,Sport and exercise psychologist,Uzbekistan,64.0,178,62.0,4741.57,39,121.57871794871794
93,94,Charles Smith-Byrne,"Runner, broadcasting/film/video",Kenya,41.0,185,89.0,5116.35,38,134.6407894736842
94,95,Brandon Hodgson,"Runner, broadcasting/film/video",Palau,43.0,174,51.0,1982.66,16,123.91625
95,96,Mrs Rebecca Hale,"Surveyor, building",Equatorial Guinea,42.0,170,69.0,1872.07,16,117.004375
96,97,Adam Ford,Advertising account planner,San Marino,62.0,185,50.0,3206.22,27,118.74888888888889
97,98,Tina Pritchard,Newspaper journalist,Lesotho,58.0,159,86.0,2382.14,19,125.37578947368421
98,99,Mrs Lesley Charlton,"Psychotherapist, dance movement",Croatia,46.0,186,58.0,33454.49,17,1967.911176470588
99,100,Beverley Lee,Armed forces logistics/support/administrative officer,Cook Islands,32.0,158,66.0,3856.74,33,116.87090909090908
100,101,Derek Talbot-Scott,Naval architect,Sweden,62.0,173,58.0,3889.46,32,121.545625
101,102,Arthur Bailey,Midwife,Mauritania,18.0,184,60.0,20044.8,49,409.0775510204081
102,103,Dr Mohamed Webb,Forensic scientist,Faroe Islands,42.0,198,64.0,5605.47,52,107.7975
103,104,Holly Clark,"Administrator, sports",Venezuela,24.0,184,73.0,4742.08,43,110.28093023255813
104,105,Julia Bryan,Marketing executive,Monaco,26.0,197,87.0,2591.84,23,112.68869565217392
105,106,Sylvia Kelly-Ward,Broadcast journalist,Qatar,41.0,185,84.0,4478.4800000000005,29,154.43034482758623
106,107,Elliott Davis,Location manager,Faroe Islands,18.0,167,79.0,7052.2,53,133.06037735849057
107,108,Duncan Smith,Financial adviser,Burundi,61.0,198,80.0,28146.28,36,781.8411111111111
108,109,Mr Jordan Thomson,Civil Service administrator,Botswana,25.0,188,98.0,7450.8,53,140.58113207547171
109,110,Dr Daniel Harper,Television camera operator,Nicaragua,41.0,181,54.0,6758.53,51,132.52019607843135
110,111,Mr Stanley Robinson,Learning mentor,Saint Vincent and the Grenadines,28.0,173,93.0,14342.59,46,311.7954347826087
111,112,Melissa Fisher,Contracting civil engineer,Namibia,68.0,172,99.0,15184.46,49,309.8869387755102
112,113,Mrs Victoria Tucker,Armed forces operational officer,Dominican Republic,34.0,181,63.0,17515.45,61,287.13852459016397
113,114,Keith Kaur-Lee,Management consultant,Ecuador,25.0,186,60.0,4144.0,39,106.25641025641026
114,115,Martyn Kennedy,Sports coach,Australia,52.0,161,58.0,42840.33,21,2040.0157142857145
115,116,Nicola Brookes,Lexicographer,Paraguay,52.0,198,83.0,7077.1,49,144.43061224489796
116,117,Mr Antony Kelly,Economist,United Kingdom,50.0,162,61.0,20361.09,26,783.1188461538461
117,118,Charlene Webb,"Psychologist, forensic",Marshall Islands,22.0,172,84.0,3414.89,25,136.5956
118,119,Dr Dylan Morris,Quality manager,Czech Republic,59.0,174,84.0,3742.94,30,124.76466666666667
119,120,Amanda Simpson,"Education officer, environmental",Northern Mariana Islands,56.0,184,50.0,33543.01,27,1242.3337037037038
120,121,Mr Russell Jennings,Control and instrumentation engineer,Djibouti,58.0,190,89.0,7820.18,57,137.1961403508772
121,122,Mohammed Gill-Ali,Biomedical scientist,Austria,45.0,179,71.0,2048.11,20,102.4055
123,124,Mr Karl Carr,Animator,Isle of Man,26.0,198,57.0,4567.63,34,134.3420588235294
124,125,Dr Jamie Ryan,Hospital doctor,Greenland,25.0,169,60.0,4564.74,29,157.4048275862069
125,126,Clive Rogers,"Engineer, drilling",Saint Barthelemy,29.0,197,90.0,41893.39,49,854.9671428571428
126,127,Mr Nathan Brown,Armed forces logistics/support/administrative officer,Latvia,51.0,174,86.0,5237.04,40,130.926
127,128,Suzanne Mills,"Engineer, communications",Bolivia,50.0,171,63.0,4161.3,35,118.89428571428572
128,129,Mr Bradley Parsons,Architectural technologist,Pitcairn Islands,65.0,162,79.0,6957.95,57,122.06929824561404
129,130,Marc Davies,Interpreter,Sierra Leone,40.0,168,84.0,5426.61,43,126.20023255813953
130,131,Dr Stephen Clark,Insurance claims handler,Burundi,41.0,198,70.0,5883.57,41,143.50170731707317
131,132,Louise Jackson-Robinson,"Scientist, biomedical",Albania,54.0,185,86.0,4820.96,37,130.2962162162162
132,133,Michelle Anderson,Occupational therapist,Mexico,52.0,1.61,54.0,5163.55,45,114.74555555555555
133,134,Miss Marion Butler,Speech and language therapist,Vanuatu,61.0,190,68.0,5740.37,46,124.79065217391305
134,135,Kevin Cooper,Public librarian,Cayman Islands,57.0,168,63.0,7131.4,54,132.06296296296296
135,136,Neil Smith,Forensic scientist,Ireland,39.0,161,75.0,13237.74,19,696.7231578947368
136,137,Charlie Winter-Bennett,Animator,Palau,44.0,158,53.0,32067.06,28,1145.2521428571429
137,138,Glenn Peters,"Engineer, aeronautical",Vietnam,52.0,156,74.0,7834.7,60,130.57833333333332
138,139,Albert Chapman-Williams,Higher education lecturer,Turkmenistan,18.0,177,94.0,2651.1,22,120.50454545454545
139,140,Roger Johnson,Marketing executive,Turkey,52.0,163,91.0,2444.31,18,135.795
140,141,Benjamin Peters,Art gallery manager,Lebanon,54.0,180,74.0,9199.13,24,383.2970833333333
141,142,Tina Gordon-Miles,Learning disability nurse,Lesotho,64.0,168,67.0,5318.42,46,115.61782608695653
142,143,Miss Julia Clarke,Government social research officer,Pakistan,31.0,196,89.0,18541.88,40,463.547
143,144,Dr Annette Morris,Company secretary,Cook Islands,20.0,165,57.0,4434.39,40,110.85975
144,145,Cheryl Pearce,Mental health nurse,Saudi Arabia,18.0,154,88.0,3860.66,27,142.9874074074074
145,146,Mrs Kathleen Hussain,Press sub,France,22.0,184,89.0,6734.59,45,149.65755555555555
146,147,Miss Joan Williams,Office manager,Gibraltar,43.0,161,63.0,1822.64,17,107.21411764705883
147,148,Kenneth Lewis,Printmaker,France,31.0,174,81.0,5839.73,48,121.66104166666666
148,149,Mr Hugh Cunningham,Nature conservation officer,Oman,56.0,170,87.0,14844.49,41,362.0607317073171
149,150,Mohamed Parkinson,"Librarian, academic",Bahamas,44.0,185,82.0,3308.21,25,132.3284
150,151,Mrs Elaine Davies,"Embryologist, clinical",United States of America,26.0,5'7'',72.0,18302.0,61,300.0327868852459
151,152,Sandra Kennedy,Research scientist (maths),Seychelles,32.0,165,64.0,6946.3,59,117.73389830508475
152,153,Lesley Robinson,Research scientist (medical),Benin,32.0,188,82.0,6763.89,53,127.62056603773586
153,154,Alan Murphy,Mental health nurse,Pakistan,43.0,194,74.0,5803.87,39,148.8171794871795
154,155,Gerard Chamberlain,"Scientist, physiological",Montserrat,59.0,191,66.0,4396.36,37,118.82054054054053
155,156,Alex Hughes-Smith,"Geologist, engineering",Djibouti,30.0,188,82.0,6579.71,45,146.2157777777778
156,157,Leigh Burgess,Charity fundraiser,Martinique,68.0,163,96.0,2517.3,15,167.82000000000002
157,158,Mr Phillip Lloyd,Photographer,Saint Vincent and the Grenadines,49.0,180,51.0,3888.33,36,108.00916666666666
158,159,Dr Peter Bevan,Careers information officer,Saint Kitts and Nevis,56.0,154,63.0,7645.79,52,147.03442307692308
159,160,Mr Julian Browne,Planning and development surveyor,Thailand,66.0,184,89.0,6676.92,56,119.23071428571428
160,161,Brett Hill,Town planner,Vietnam,69.0,172,89.0,4329.3,35,123.69428571428573
161,162,Joel Stephens,Education administrator,Argentina,49.0,178,88.0,3397.83,28,121.35107142857143
162,163,Dr Stewart Sharp,Sports administrator,United States Minor Outlying Islands,21.0,192,55.0,6852.12,50,137.0424
163,164,Allan Burke,Hospital doctor,Uruguay,47.0,160,55.0,3397.63,30,113.25433333333334
164,165,Francis Bartlett,IT sales professional,China,54.0,167,52.0,3372.32,24,140.51333333333335
165,166,Frank Power-Mitchell,"Civil engineer, contracting",Israel,40.0,196,56.0,5135.99,43,119.44162790697673
166,167,Dr Elliot Jones,Cartographer,Turkmenistan,56.0,161,57.0,4561.55,37,123.28513513513514
167,168,Valerie Williams,Land,Taiwan,62.0,158,91.0,3778.16,25,151.1264
168,169,Gareth Henry-Goodwin,Hotel manager,Christmas Island,32.0,159,64.0,5710.9,46,124.14999999999999
169,170,Simon Khan,Information officer,Vietnam,60.0,193,96.0,3616.14,21,172.19714285714286
170,171,Lorraine Faulkner,Product designer,Uruguay,46.0,166,78.0,2257.33,20,112.8665
171,172,Kenneth Collins-Miles,Toxicologist,Argentina,53.0,187,82.0,4441.3,32,138.790625
172,173,Donald Sanderson,Physiological scientist,Taiwan,30.0,156,79.0,15342.42,44,348.69136363636363
173,174,Anna McCarthy,Dietitian,Indonesia,49.0,195,88.0,6130.36,49,125.10938775510203
174,175,Mr Gerard Palmer,"Producer, radio",Solomon Islands,24.0,162,76.0,22198.06,18,1233.2255555555557
175,176,Stacey Burns,Make,Lithuania,68.0,189,85.0,5673.56,51,111.24627450980392
176,177,Dr Sara Morris,Product manager,Colombia,39.0,191,78.0,37918.75,27,1404.398148148148
177,178,Josh Bartlett,Archivist,Vietnam,45.0,158,87.0,4017.89,30,133.92966666666666
178,179,Jamie Sharpe,Manufacturing engineer,San Marino,19.0,199,82.0,2404.95,20,120.24749999999999
179,180,Stephen McCarthy,Volunteer coordinator,Tunisia,59.0,176,86.0,5605.21,42,133.45738095238096
180,181,Declan Roberts,"Presenter, broadcasting",Vanuatu,62.0,151,76.0,6075.05,50,121.501
181,182,Jake Gray-Bell,Haematologist,French Guiana,23.0,154,82.0,13422.25,28,479.36607142857144
182,183,Vincent Payne,Barista,Turkey,45.0,178,53.0,6247.08,42,148.74
183,184,Mrs Patricia Graham,Cabin crew,Argentina,45.0,186,71.0,12619.89,60,210.33149999999998
184,185,Kate Clayton,"Optician, dispensing",Algeria,61.0,187,51.0,3520.57,27,130.3914814814815
185,186,Janice Mills-Murphy,Medical physicist,French Southern Territories,61.0,168,59.0,14921.86,41,363.94780487804877
186,187,Dr Olivia Mitchell,Scientific laboratory technician,Montenegro,37.0,157,54.0,24083.05,40,602.07625
187,188,Dr Malcolm Lee,"Designer, jewellery",Netherlands,47.0,197,59.0,1e+35,54,1.8518518518518518e+33
188,189,John Morris,Airline pilot,Botswana,28.0,194,82.0,2304.65,16,144.040625
189,190,Melanie Wilson,Customer service manager,Vanuatu,45.0,150,87.0,17654.989999999998,24,735.6245833333332
190,191,Gail Thomas,Translator,Grenada,42.0,171,62.0,6325.39,46,137.50847826086957
191,192,Catherine Ryan,Primary school teacher,Finland,56.0,166,80.0,5507.62,46,119.73086956521739
192,193,Dorothy Wyatt,Animal nutritionist,Korea,50.0,156,96.0,2629.32,23,114.31826086956522
193,194,Jenna Davies,Computer games developer,Norway,18.0,174,85.0,14619.23,31,471.588064516129
194,195,Raymond Hall,Broadcast engineer,Mayotte,44.0,194,94.0,22089.84,55,401.6334545454545
195,196,Sheila Thompson-Jenkins,Fashion designer,Malta,69.0,153,73.0,4110.73,37,111.1008108108108
196,197,Kevin Hobbs-O'Brien,Medical technical officer,Lithuania,30.0,185,64.0,3426.99,30,114.23299999999999
197,198,Michelle Whitehead-Murray,Medical illustrator,Tuvalu,58.0,155,78.0,6103.04,42,145.31047619047618
198,199,Declan Walker,Music therapist,Wallis and Futuna,20.0,180,57.0,5784.76,49,118.05632653061225
199,200,Dr Sandra Wallis,Tax adviser,Burkina Faso,56.0,168,54.0,5432.66,43,126.34093023255814
200,201,Terry Smith-Harrison,Amenity horticulturist,Thailand,23.0,193,78.0,5500.18,52,105.77269230769231
201,202,Amelia Foster-O'Neill,Trade union research officer,Madagascar,25.0,188,96.0,2936.72,21,139.8438095238095
202,203,Michael Ward,"Designer, exhibition/display",Lao People's Democratic Republic,44.0,176,53.0,3616.68,28,129.16714285714286
203,204,Miss Janet Lowe,"Production assistant, television",Faroe Islands,26.0,159,61.0,7196.34,55,130.84254545454544
204,205,Mrs Anna Fuller,Metallurgist,Congo,54.0,175,94.0,4720.76,37,127.58810810810812
205,206,Alexandra Hunt,Meteorologist,Sudan,50.0,168,51.0,6009.76,49,122.64816326530612
206,207,Bernard Goddard,"Producer, radio",Bouvet Island (Bouvetoya),68.0,188,76.0,7760.44,50,155.2088
207,208,Ms Amber Arnold,Camera operator,Greenland,59.0,152,80.0,6799.4,59,115.24406779661017
208,209,Cheryl Mann-Powell,"Teacher, secondary school",Central African Republic,61.0,194,85.0,8393.56,60,139.89266666666666
209,210,Donald Williams,"Copywriter, advertising",Saint Martin,41.0,162,85.0,7735.65,50,154.713
210,211,Bryan Phillips-Barton,Senior tax professional/tax inspector,Kuwait,32.0,199,75.0,3587.36,32,112.105
211,212,Mr Bradley Wallace,Medical technical officer,Oman,49.0,177,92.0,2359.26,15,157.28400000000002
212,213,Kate Pearce,Occupational therapist,Equatorial Guinea,49.0,169,76.0,1764.3,16,110.26875
213,214,Karl Holt,Interior and spatial designer,Saint Barthelemy,41.0,177,54.0,4414.49,41,107.67048780487805
214,215,Ben Clayton,Health promotion specialist,Colombia,58.0,157,69.0,17383.83,17,1022.5782352941178
215,216,Stacey Roberts,Fisheries officer,American Samoa,69.0,190,60.0,1604.38,15,106.95866666666667
216,217,Miss Hilary Harrison,Clothing/textile technologist,Saint Pierre and Miquelon,66.0,188,59.0,16912.19,42,402.6711904761904
217,218,Ashleigh Boyle-Wells,Agricultural engineer,Guadeloupe,66.0,150,89.0,2154.16,15,143.61066666666665
218,219,Alice Atkinson,Electronics engineer,Somalia,69.0,152,87.0,4226.78,33,128.0842424242424
219,220,Ricky Reed,Restaurant manager,French Polynesia,29.0,162,55.0,4564.3,44,103.73409090909091
220,221,Frank Berry-Hughes,"Scientist, marine",Montenegro,56.0,177,57.0,6516.88,51,127.78196078431372
221,222,Mr Jordan Harris,Naval architect,Peru,19.0,198,72.0,3144.53,25,125.78120000000001
222,223,Ms Natasha Adams,"Surveyor, planning and development",Saudi Arabia,20.0,174,96.0,7204.68,57,126.3978947368421
223,224,Dr Julia Hill,Commercial/residential surveyor,Congo,66.0,182,75.0,6266.75,54,116.05092592592592
224,225,Miss Stacey Campbell,Garment/textile technologist,China,54.0,187,95.0,4103.56,35,117.24457142857143
225,226,Natasha Smith-O'Neill,Gaffer,New Zealand,66.0,155,92.0,4266.37,36,118.51027777777777
226,227,Sally Baldwin,Product designer,Togo,34.0,193,61.0,2306.24,15,153.7493333333333
227,228,Leigh Gallagher,"Engineer, site",Northern Mariana Islands,66.0,194,75.0,4379.96,33,132.7260606060606
228,229,Jodie White,Veterinary surgeon,Ukraine,19.0,181,62.0,5792.66,49,118.21755102040817
229,230,Marcus Anderson,Higher education lecturer,Iraq,19.0,194,89.0,17055.06,43,396.6293023255814
230,231,Alison Doyle,Recycling officer,Sweden,45.0,196,67.0,4627.26,35,132.20742857142858
231,232,Ms Kathleen Brown,"Engineer, communications",Japan,40.0,170,74.0,3875.78,28,138.4207142857143
232,233,Philip Robertson,Community education officer,Malaysia,54.0,165,82.0,4170.17,29,143.79896551724138
233,234,Julia Harris,Control and instrumentation engineer,Greece,49.0,170,96.0,2519.83,22,114.53772727272727
234,235,Frances Taylor,"Buyer, retail",Benin,,160,89.0,4853.38,40,121.3345
235,236,Lee Wong,Production engineer,Iran,18.0,186,92.0,10671.47,45,237.14377777777776
236,237,Patrick Jones,Drilling engineer,Paraguay,36.0,185,61.0,6091.25,49,124.31122448979592
237,238,Ronald Gallagher,"Producer, television/film/video",Bhutan,19.0,184,93.0,8137.21,57,142.7580701754386
238,239,Hayley Singh,Chartered loss adjuster,Colombia,61.0,168,85.0,3791.98,31,122.32193548387097
239,240,Kevin Fuller,IT consultant,Burundi,43.0,169,97.0,3996.13,36,111.00361111111111
240,241,Dr Deborah Mellor,"Loss adjuster, chartered",Lesotho,49.0,167,53.0,2842.37,25,113.6948
241,242,Richard Hayes,Bookseller,Gibraltar,23.0,196,54.0,5198.37,41,126.78951219512194
242,243,Dr Luke Turner,Statistician,Vietnam,49.0,190,86.0,4125.13,35,117.86085714285714
243,244,Ashleigh Miller,Special effects artist,Egypt,21.0,198,57.0,3171.09,21,151.00428571428571
244,245,Joel James,Horticultural therapist,Albania,28.0,163,91.0,2118.59,19,111.50473684210527
245,246,Amber Palmer,Hydrologist,Eritrea,34.0,164,98.0,4174.24,30,139.14133333333334
246,247,Kieran Taylor,"Designer, industrial/product",Hungary,55.0,180,77.0,4921.22,36,136.70055555555555
247,248,Miss Ruth Houghton,Ecologist,Dominica,41.0,150,80.0,5855.72,49,119.50448979591837
248,249,Adam May,Medical illustrator,Kiribati,22.0,152,58.0,5044.25,38,132.7434210526316
249,250,Aimee Kelly,Rural practice surveyor,Sao Tome and Principe,69.0,165,78.0,7068.52,54,130.89851851851853
250,251,Simon Fraser,Environmental manager,Ethiopia,51.0,172,63.0,5407.89,39,138.66384615384615
251,252,Julia Tucker,Community development worker,Zimbabwe,23.0,160,89.0,7270.91,57,127.5598245614035
252,253,Yvonne Price,"Engineer, control and instrumentation",Greenland,39.0,161,90.0,20780.64,59,352.21423728813556
253,254,Damian Harris,Corporate treasurer,Gabon,28.0,159,71.0,5298.18,37,143.19405405405405
254,255,Dawn Goddard,Fast food restaurant manager,Myanmar,65.0,181,60.0,3287.6,24,136.98333333333332
255,256,Julian Hammond-Barnes,"Research officer, political party",Saint Kitts and Nevis,33.0,165,72.0,5515.82,50,110.31639999999999
256,257,Aimee Wright-Roberts,Agricultural engineer,Montserrat,50.0,157,50.0,1922.5,15,128.16666666666666
257,258,Kirsty Clark,Media planner,Algeria,26.0,187,95.0,4911.04,38,129.2378947368421
258,259,Josephine Bray,"Surveyor, building",Eritrea,23.0,161,86.0,6939.65,54,128.51203703703703
259,260,Rachel Hammond-Thompson,"Teacher, primary school",Palau,33.0,173,70.0,2090.04,17,122.9435294117647
260,261,Hilary Morris-Pearce,"Merchandiser, retail",Guyana,46.0,177,75.0,5917.22,48,123.27541666666667
261,262,Beverley Harvey-Holmes,"Psychologist, sport and exercise",Puerto Rico,20.0,157,95.0,3950.44,33,119.71030303030304
262,263,Reece Hewitt-Knight,Structural engineer,Dominica,37.0,177,85.0,6071.15,47,129.17340425531913
263,264,Gerald Francis,"Conservation officer, nature",Bahamas,53.0,185,72.0,4316.62,32,134.894375
264,265,Alexandra Hunter,Veterinary surgeon,Papua New Guinea,36.0,175,50.0,4054.25,31,130.78225806451613
265,266,Malcolm Payne,Chartered legal executive (England and Wales),British Indian Ocean Territory (Chagos Archipelago),43.0,157,89.0,6035.28,46,131.2017391304348
266,267,Hazel Lee,Brewing technologist,Lao People's Democratic Republic,20.0,199,64.0,3633.11,27,134.55962962962963
267,268,Billy Watson,Insurance broker,Gambia,36.0,177,70.0,4446.7300000000005,32,138.96031250000001
268,269,Dr Gerard Thomas,Occupational therapist,Cayman Islands,37.0,177,96.0,2796.78,19,147.19894736842107
269,270,Mr Damian Reynolds,Quality manager,Iraq,49.0,186,58.0,5856.1,41,142.83170731707318
270,271,Bradley Clayton,Secondary school teacher,Poland,24.0,190,58.0,7162.21,51,140.43549019607843
271,272,Charlie Thomson,Paediatric nurse,Macao,69.0,185,59.0,3794.51,32,118.5784375
272,273,Jordan Jones,Outdoor activities/education manager,Uzbekistan,58.0,176,75.0,6454.04,49,131.71510204081633
273,274,Miss Georgia Davies,"Teacher, special educational needs",Ukraine,50.0,166,90.0,6618.98,51,129.78392156862745
274,275,Mr Roger Ali,"Buyer, retail",Tuvalu,57.0,158,84.0,17610.51,16,1100.656875
275,276,Gareth Adams,Comptroller,Romania,56.0,182,74.0,3864.04,34,113.64823529411764
276,277,Mrs Carole Nicholson,Investment analyst,Sierra Leone,35.0,169,75.0,2054.76,16,128.4225
277,278,Georgia Clark-Clements,"Buyer, retail",Georgia,57.0,162,60.0,5159.6,45,114.65777777777778
278,279,Mr Hugh Taylor,"Production assistant, television",Portugal,18.0,177,87.0,7354.86,54,136.20111111111112
279,280,Russell Holloway,"Psychologist, prison and probation services",British Indian Ocean Territory (Chagos Archipelago),28.0,197,51.0,12255.34,22,557.0609090909091
280,281,Jeremy Johnson,"Scientist, forensic",Northern Mariana Islands,45.0,178,56.0,5214.36,37,140.92864864864865
281,282,Terry Williams,Local government officer,United States Virgin Islands,42.0,5'6'',67.0,4184.13,37,113.08459459459459
282,283,Clare Phillips,"Conservation officer, historic buildings",Wallis and Futuna,67.0,195,76.0,13155.85,19,692.4131578947369
283,284,Dawn Williams,Structural engineer,French Polynesia,40.0,184,83.0,3958.59,31,127.69645161290323
284,285,Norman O'Neill-Simpson,Theatre manager,Heard Island and McDonald Islands,48.0,155,76.0,2023.76,15,134.91733333333335
285,286,Trevor Ellis,"Education officer, environmental",Nicaragua,47.0,167,66.0,2221.57,17,130.68058823529412
286,287,Julia Brown-Miles,"Conservation officer, nature",Cyprus,59.0,154,92.0,6388.05,47,135.9159574468085
287,288,Amy Hall,Police officer,Cyprus,52.0,196,93.0,21140.72,36,587.2422222222223
288,289,Josephine Lee,Retail buyer,Burkina Faso,24.0,174,73.0,6358.93,57,111.5601754385965
289,290,Jacob Bond,Automotive engineer,Lesotho,33.0,151,74.0,6952.32,43,161.68186046511627
290,291,Lynne Lee-Robinson,Company secretary,Cape Verde,43.0,159,56.0,5134.39,40,128.35975000000002
291,292,Carole Fisher,"Scientist, marine",Korea,65.0,179,55.0,3616.59,27,133.9477777777778
292,293,Ms Abbie Buckley,"Designer, ceramics/pottery",San Marino,69.0,199,73.0,7670.77,58,132.2546551724138
293,294,Janet White,Industrial buyer,New Caledonia,66.0,194,82.0,3472.72,24,144.69666666666666
294,295,Dr Ronald McDonald,"Development worker, international aid",Holy See (Vatican City State),19.0,154,98.0,5579.86,41,136.09414634146341
295,296,Aaron Perry,"Designer, television/film set",Israel,18.0,182,78.0,34621.58,28,1236.4850000000001
296,297,Leanne Smart-Jackson,IT trainer,Reunion,65.0,150,92.0,5161.48,43,120.03441860465115
297,298,Duncan Taylor,Equality and diversity officer,Mexico,29.0,167,71.0,4958.49,41,120.93878048780488
298,299,Max Jones,Logistics and distribution manager,United States Minor Outlying Islands,22.0,181,75.0,4070.24,29,140.35310344827585
300,301,Mr Damien Smith,Herpetologist,Saudi Arabia,49.0,198,99.0,6415.29,51,125.79
301,302,Ms Chelsea Thomas,Careers information officer,Mauritania,26.0,160,70.0,6415.929999999999,18,356.44055555555553
302,303,Frank Cole-Barker,Fitness centre manager,Spain,58.0,170,98.0,15643.7,20,782.1850000000001
303,304,Ms Mandy Arnold,"Engineer, chemical",Papua New Guinea,52.0,175,56.0,7563.85,58,130.41120689655173
304,305,Lynda Arnold,Structural engineer,Sweden,36.0,174,66.0,8548.48,58,147.38758620689654
305,306,Mrs Beverley Spencer,Haematologist,Cuba,65.0,171,69.0,2408.49,22,109.47681818181817
306,307,Thomas Wood,Comptroller,Serbia,33.0,176,90.0,2156.0,19,113.47368421052632
307,308,Ms Lisa Jones,Immunologist,Egypt,20.0,198,98.0,3284.88,26,126.34153846153846
308,309,Judith Johnson-Simmons,Volunteer coordinator,Pitcairn Islands,37.0,162,69.0,9048.22,55,164.5130909090909
309,310,Maria Davis,"Social research officer, government",Saudi Arabia,41.0,182,71.0,12389.9,25,495.596
310,311,Dr Sam Johnson,Chief Financial Officer,Nepal,50.0,183,77.0,8395.65,60,139.92749999999998
311,312,Dr Mathew Fowler,Retail buyer,Tunisia,41.0,190,89.0,2806.64,23,122.02782608695652
312,313,Elaine Yates,Dispensing optician,Solomon Islands,69.0,184,98.0,4422.1,31,142.6483870967742
313,314,Pauline Morris-Williams,"Therapist, drama",Belgium,28.0,150,56.0,6287.07,48,130.980625
314,315,Ellie Campbell,Telecommunications researcher,Malta,66.0,170,50.0,6559.02,52,126.135
315,316,Melissa Thompson,"Designer, exhibition/display",Kiribati,25.0,,81.0,3406.13,31,109.87516129032258
316,317,Lauren Thomas-Coles,Dramatherapist,Marshall Islands,53.0,155,62.0,10736.47,22,488.0213636363636
317,318,Eleanor Patel-Lane,Trade union research officer,Romania,55.0,177,79.0,7087.42,55,128.86218181818182
318,319,Russell Armstrong,Leisure centre manager,Guyana,57.0,166,72.0,6362.64,44,144.60545454545456
319,320,Mr Graham Jarvis,"Surveyor, rural practice",Belarus,37.0,154,68.0,6433.41,51,126.14529411764705
320,321,Karl Bibi,Architectural technologist,United States Virgin Islands,52.0,180,81.0,5854.41,44,133.05477272727273
321,322,Rachael Walker,Air cabin crew,Mongolia,,154,79.0,15929.73,40,398.24325
322,323,Megan Hall,Ceramics designer,Bouvet Island (Bouvetoya),42.0,187,78.0,2044.5,15,136.3
323,324,Fiona Smith-Potts,Armed forces technical officer,Bahamas,52.0,152,98.0,2646.85,20,132.3425
324,325,Dr Gareth Davies,Technical author,Switzerland,42.0,172,94.0,1907.79,16,119.236875
325,326,Deborah Williams,Geochemist,Mexico,46.0,186,78.0,14465.28,35,413.2937142857143
326,327,Miss Frances Hunt,"Engineer, materials",United Kingdom,35.0,186,79.0,4464.25,36,124.00694444444444
327,328,Malcolm Murphy-Atkins,"Teacher, music",Madagascar,63.0,159,65.0,29598.77,58,510.3236206896552
329,330,Antony Allen,Waste management officer,Montserrat,19.0,168,68.0,3332.63,26,128.17807692307693
330,331,Sean Brown-Burke,Airline pilot,Mauritania,52.0,166,67.0,7115.76,57,124.8378947368421
331,332,Miss Rebecca Armstrong,Research scientist (medical),Canada,33.0,170,50.0,5135.22,41,125.24926829268293
332,333,Peter Walker,Sports administrator,Chad,58.0,163,63.0,21977.73,58,378.9263793103448
333,334,Frederick Lee-Cooke,Horticultural consultant,Greece,53.0,158,96.0,35405.94,48,737.6237500000001
334,335,Mr Leon Roberts,Immigration officer,Timor-Leste,50.0,195,99.0,2641.91,24,110.07958333333333
335,336,Ellie Bates,Radiation protection practitioner,Mali,21.0,150,51.0,6935.71,51,135.9943137254902
336,337,Annette Davey-Read,Financial risk analyst,Kenya,50.0,194,77.0,5911.65,44,134.3556818181818
337,338,Brian Johnson,"Optician, dispensing",Brazil,31.0,162,98.0,7557.15,59,128.0872881355932
338,339,Brandon Thomas,Human resources officer,Pitcairn Islands,38.0,153,99.0,7392.14,53,139.4743396226415
339,340,Dr Andrew Jackson,Professor Emeritus,Costa Rica,65.0,150,79.0,12837.15,58,221.3301724137931
340,341,Gary Green-Harris,"Buyer, industrial",Saint Barthelemy,37.0,198,87.0,4607.59,30,153.58633333333333
341,342,Gavin Jarvis-Daniels,Best boy,Myanmar,25.0,189,53.0,1900.53,17,111.79588235294118
342,343,Justin Hill,"Designer, industrial/product",Liechtenstein,24.0,181,50.0,2119.3,18,117.7388888888889
343,344,Jennifer Smith-West,Printmaker,Bermuda,20.0,183,57.0,5848.73,41,142.65195121951217
344,345,Sean Morris,Pathologist,United Arab Emirates,34.0,177,78.0,16184.92,32,505.77875
345,346,Mrs Joan Robson,Radio broadcast assistant,Malawi,50.0,180,88.0,3707.31,32,115.8534375
346,347,Jade Taylor,"Psychologist, forensic",Kiribati,65.0,157,52.0,3746.14,28,133.79071428571427
347,348,Tom Robinson-Morgan,"Engineer, electronics",Sudan,29.0,188,81.0,43886.12,30,1462.8706666666667
348,349,Dr Jordan Pearson,"Librarian, public",Azerbaijan,68.0,175,59.0,4560.76,36,126.68777777777778
349,350,Holly Wilkinson,Training and development officer,Korea,39.0,183,59.0,7324.74,58,126.28862068965518
350,351,Jeffrey Davies,Cytogeneticist,Bulgaria,39.0,152,68.0,18956.98,32,592.405625
351,352,Wayne Jackson,Intelligence analyst,Malaysia,63.0,199,95.0,4911.38,39,125.93282051282051
352,353,Dr Alexander Davies,"Investment banker, operational",Israel,47.0,161,83.0,4646.94,38,122.28789473684209
353,354,James Bibi,Location manager,Korea,55.0,150,82.0,7257.93,56,129.60589285714286
354,355,Ben Austin,Oceanographer,Mongolia,55.0,193,72.0,4821.86,36,133.94055555555553
355,356,Josephine Collins,"Conservator, furniture",Azerbaijan,62.0,154,77.0,6250.33,51,122.55549019607842
356,357,Dr Bruce Atkins,Metallurgist,Monaco,68.0,179,81.0,4668.45,38,122.85394736842105
357,358,Mrs Diane Thomas,"Scientist, biomedical",Kyrgyz Republic,25.0,179,99.0,7211.87,50,144.2374
358,359,Kathleen Turner,"Surveyor, planning and development",Peru,44.0,166,56.0,17444.72,18,969.1511111111112
359,360,Sophie Henry,Claims inspector/assessor,Sri Lanka,44.0,197,78.0,2792.31,22,126.92318181818182
360,361,Joseph McCarthy,"Investment banker, operational",Gambia,51.0,196,57.0,16526.15,44,375.5943181818182
361,362,Dr Francesca Cox,Financial controller,Saint Kitts and Nevis,38.0,172,50.0,13041.6,25,521.664
362,363,Lynne Waters,"Psychologist, prison and probation services",Angola,47.0,164,52.0,2267.2200000000003,21,107.96285714285716
363,364,Dr Mohammad Miles,Community education officer,Indonesia,50.0,186,73.0,3326.92,22,151.22363636363636
364,365,Christine Marshall-Brennan,"Geologist, engineering",Equatorial Guinea,45.0,170,72.0,3440.42,28,122.87214285714286
366,367,Amelia Owen,Firefighter,Afghanistan,50.0,151,,5022.02,32,156.938125
367,368,Antony Long,Counsellor,Samoa,22.0,160,86.0,50664.11,46,1101.3936956521738
368,369,Barbara Morgan-Wells,Chief Strategy Officer,Cuba,65.0,188,52.0,2402.29,22,109.195
369,370,Dr Jordan Adams,Arts administrator,Mozambique,36.0,187,82.0,7301.18,52,140.4073076923077
370,371,Stanley Anderson,Horticultural therapist,Barbados,21.0,183,77.0,3952.33,30,131.74433333333334
371,372,Jessica Fitzgerald,Music tutor,Aruba,52.0,187,96.0,7522.0,57,131.96491228070175
372,373,Samantha Greenwood,Warden/ranger,Jamaica,66.0,199,57.0,5243.88,37,141.7264864864865
373,374,Janet Burke,Personal assistant,Guatemala,34.0,183,83.0,4820.55,38,126.85657894736842
374,375,Stuart Grant,Fish farm manager,Reunion,61.0,167,84.0,10162.94,22,461.9518181818182
375,376,Mr Roger Russell,"Designer, jewellery",Bahrain,45.0,179,81.0,5148.31,43,119.72813953488372
376,377,Mr Ashley Taylor,Land,Mauritius,47.0,164,73.0,7786.18,59,131.96915254237288
377,378,Emily Henderson,Technical brewer,Bahamas,46.0,176,63.0,3171.1,28,113.25357142857142
378,379,Mr William Benson,Intelligence analyst,Vietnam,63.0,183,81.0,27221.89,32,850.6840625
379,380,Emily Brown,Energy manager,Uganda,23.0,187,95.0,3015.11,25,120.6044
380,381,Mr Billy Turnbull,"Designer, jewellery",Bangladesh,52.0,182,92.0,13130.42,29,452.7731034482759
381,382,Holly Barnett,Research scientist (physical sciences),Vietnam,58.0,173,65.0,2515.3,21,119.77619047619048
382,383,Rhys Carey-Morris,"Scientist, biomedical",Latvia,54.0,164,53.0,5893.02,44,133.93227272727273
383,384,Francis Hobbs,"Psychologist, sport and exercise",Antigua and Barbuda,41.0,179,86.0,1834.59,15,122.306
384,385,Bryan Griffiths,Research scientist (physical sciences),France,46.0,191,70.0,5493.13,41,133.97878048780487
385,386,Jamie Harding,Insurance account manager,Ireland,66.0,166,63.0,4497.94,35,128.51257142857142
386,387,Lydia Bishop,Research scientist (medical),Cocos (Keeling) Islands,63.0,154,80.0,2322.2,16,145.1375
387,388,Danny Robson,Advice worker,Seychelles,48.0,178,97.0,2985.88,24,124.41166666666668
388,389,Marilyn Baker,Chemical engineer,Burkina Faso,52.0,153,67.0,6605.67,48,137.618125
389,390,Mrs Grace Edwards,"Nurse, learning disability",Seychelles,50.0,159,56.0,24944.31,58,430.0743103448276
390,391,Alan Sutton,Risk analyst,Norway,69.0,166,59.0,4791.95,34,140.93970588235294
391,392,Ms Charlotte Clarke,"Programmer, systems",Saint Lucia,38.0,159,56.0,34359.590000000004,38,904.1997368421054
392,393,Elliott Grant,Financial adviser,Oman,49.0,166,82.0,1835.08,15,122.33866666666667
393,394,Ben Palmer-Anderson,"Engineer, structural",Italy,40.0,169,72.0,5259.51,40,131.48775
394,395,Carole Lowe-Sykes,Television production assistant,Holy See (Vatican City State),50.0,173,70.0,7832.55,57,137.41315789473686
395,396,Mr Toby Horton,Manufacturing engineer,Uganda,20.0,154,68.0,5548.82,43,129.04232558139535
396,397,Mr Robin Price,Art therapist,Hong Kong,35.0,183,97.0,20108.26,47,427.83531914893615
397,398,Chelsea Cook,Arts administrator,Kiribati,42.0,155,68.0,5052.14,41,123.2229268292683
398,399,Marc Sanderson,Herbalist,Trinidad and Tobago,59.0,151,85.0,4129.64,33,125.14060606060607
399,400,Sally Pugh,"Research officer, trade union",United States Virgin Islands,48.0,162,78.0,2737.19,22,124.41772727272728
400,401,Scott Patel,"Therapist, speech and language",United States of America,20.0,192,67.0,5667.8,45,125.95111111111112
401,402,Amelia Preston,"Psychotherapist, dance movement",Honduras,57.0,192,51.0,5491.93,43,127.7193023255814
402,403,Joanne Lee,Higher education lecturer,Honduras,63.0,197,50.0,3361.02,27,124.48222222222222
403,404,Alexandra Glover,Software engineer,Belgium,41.0,160,96.0,5114.66,45,113.6591111111111
404,405,Christian Barker-Humphreys,Actuary,Pitcairn Islands,67.0,196,54.0,3965.13,34,116.6214705882353
405,406,Leonard Moore,Clinical cytogeneticist,Panama,49.0,172,69.0,5144.58,35,146.988
406,407,Benjamin Ali,Plant breeder/geneticist,Tunisia,64.0,165,60.0,2488.65,21,118.50714285714287
407,408,Dr Richard Morgan,Contractor,Mauritius,39.0,180,91.0,4586.82,43,106.67023255813953
408,409,Dean Parsons,"Geneticist, molecular",Burkina Faso,40.0,160,51.0,2456.13,20,122.8065
409,410,Howard Kelly,Medical secretary,Palau,19.0,165,52.0,6603.09,56,117.91232142857143
410,411,Cameron Wilson,Operational researcher,Tokelau,44.0,157,72.0,2438.63,17,143.44882352941178
411,412,Melanie Brady,Medical secretary,Guernsey,59.0,153,61.0,6978.59,53,131.67150943396226
412,413,Mrs Olivia Allen,Armed forces technical officer,British Indian Ocean Territory (Chagos Archipelago),19.0,189,69.0,6603.21,51,129.47470588235294
413,414,Dr Leonard Simpson,Oncologist,Christmas Island,43.0,153,54.0,10740.12,36,298.3366666666667
414,415,Mr Leon Murray,Arts development officer,Mauritania,34.0,174,86.0,12636.33,27,468.0122222222222
415,416,Dr Stephen Gardner,"Teacher, early years/pre",India,57.0,152,87.0,47452.3,56,847.3625000000001
416,417,Dean Woodward-Dodd,"Surveyor, planning and development",Marshall Islands,50.0,181,79.0,4466.07,34,131.355
417,418,Rachel Sullivan,"Engineer, broadcasting (operations)",Brunei Darussalam,26.0,152,58.0,5045.72,43,117.34232558139536
418,419,Mrs Rachel Cox,Medical laboratory scientific officer,Saint Lucia,60.0,176,83.0,5742.54,41,140.0619512195122
419,420,Joanne Morris,Surgeon,Czech Republic,65.0,178,93.0,6598.87,51,129.38960784313724
420,421,Paige Burton,Homeopath,Syrian Arab Republic,56.0,181,84.0,6232.07,50,124.64139999999999
421,422,Ms Sheila Webster,"Buyer, retail",Afghanistan,46.0,199,71.0,2099.14,17,123.47882352941176
422,423,Mrs Margaret Bryan,Nature conservation officer,Saudi Arabia,59.0,168,93.0,1985.0,15,132.33333333333334
423,424,Mr Tom Reeves,Retail merchandiser,Angola,43.0,170,73.0,4982.2300000000005,43,115.86581395348838
424,425,Mohamed Douglas,"Production designer, theatre/television/film",French Southern Territories,52.0,154,66.0,6831.42,51,133.94941176470587
425,426,Ross Carroll,Statistician,Kyrgyz Republic,67.0,167,59.0,16336.57,45,363.0348888888889
426,427,Molly Clark,Health service manager,Peru,42.0,177,79.0,7915.44,60,131.924
427,428,Mrs Jean Davies,Youth worker,Saint Helena,41.0,191,95.0,3072.42,24,128.0175
428,429,Norman Hill,Tree surgeon,Mayotte,30.0,171,72.0,2100.05,15,140.00333333333336
429,430,Gemma Quinn-Robinson,Commissioning editor,Jamaica,24.0,170,81.0,5934.38,45,131.87511111111112
430,431,Sarah Martin,"Conservation officer, historic buildings",Martinique,53.0,155,66.0,4453.46,32,139.170625
432,433,Maureen O'Neill-Stephenson,"Nurse, mental health",Swaziland,37.0,154,66.0,5833.74,45,129.63866666666667
433,434,Ms Emily Palmer,Midwife,Denmark,18.0,190,63.0,3261.68,27,120.80296296296295
434,435,Geoffrey Knight-Lee,"Librarian, academic",Egypt,25.0,161,58.0,14393.78,29,496.33724137931034
435,436,Dr Alan Frost,"Surveyor, insurance",Kuwait,63.0,175,89.0,3549.4,29,122.39310344827587
436,437,Michael Williams-Nicholls,Medical secretary,Guatemala,33.0,195,51.0,5299.26,46,115.2013043478261
437,438,Sally Allen,Cytogeneticist,Cape Verde,31.0,183,94.0,2079.38,16,129.96125
438,439,Reece Ellis,"Engineer, civil (contracting)",Falkland Islands (Malvinas),29.0,198,74.0,3109.51,28,111.05392857142859
439,440,Miss Amy Gibbons,Town planner,Comoros,68.0,163,88.0,6842.68,54,126.7162962962963
440,441,Ms Rosie Nicholls,Sales executive,Vietnam,40.0,175,58.0,1962.03,17,115.4135294117647
441,442,Jeremy Nicholson-Watts,Operational investment banker,Turkey,32.0,194,71.0,7028.86,58,121.18724137931034
442,443,Marion Fox,"Restaurant manager, fast food",Saint Kitts and Nevis,45.0,176,92.0,6348.05,45,141.0677777777778
443,444,Simon Byrne,Architect,Serbia,51.0,158,95.0,6511.09,51,127.66843137254902
444,445,Judith Morton-Marsh,Armed forces technical officer,Bouvet Island (Bouvetoya),19.0,175,53.0,3945.26,36,109.59055555555557
445,446,Kathryn Parkinson,Arboriculturist,Antigua and Barbuda,49.0,196,,8392.31,24,349.6795833333333
446,447,Conor O'Connor,"Copywriter, advertising",Sudan,40.0,171,78.0,16632.78,35,475.2222857142857
447,448,Dr Clive Wood,"Lecturer, further education",Panama,39.0,196,94.0,4844.42,35,138.412
448,449,Mr Terence Webb,Public relations account executive,Italy,68.0,179,83.0,16915.22,27,626.4896296296297
449,450,Sandra Coleman-Gould,"Scientist, physiological",Nicaragua,42.0,192,72.0,7750.38,57,135.9715789473684
450,451,Mr Craig Watson,"Programmer, multimedia",Seychelles,39.0,197,86.0,3766.77,32,117.7115625
451,452,Louis Hall,Database administrator,Vietnam,39.0,166,60.0,6372.26,48,132.75541666666666
452,453,Gregory Patterson,Trading standards officer,Turks and Caicos Islands,66.0,175,55.0,2498.77,21,118.98904761904762
453,454,Danny Woods,"Scientist, biomedical",Tuvalu,69.0,185,67.0,1711.69,16,106.980625
454,455,Shaun Taylor,Counselling psychologist,Andorra,59.0,150,70.0,3177.14,27,117.67185185185184
455,456,Charles Hayes,Land,Dominican Republic,23.0,157,91.0,9007.51,32,281.4846875
456,457,Marie Williams,Video editor,Costa Rica,32.0,198,85.0,6501.65,47,138.33297872340424
457,458,Valerie Wright-Parsons,"Investment banker, operational",Bangladesh,60.0,184,90.0,17465.39,50,349.3078
458,459,Denise Hall,"Designer, textile",Bolivia,54.0,164,87.0,1928.94,17,113.46705882352941
459,460,Jacqueline Connolly,"Nurse, learning disability",Nepal,50.0,196,83.0,2800.24,25,112.00959999999999
460,461,Lisa Berry-Stewart,Warehouse manager,Antigua and Barbuda,25.0,171,66.0,5030.84,36,139.74555555555557
461,462,Cheryl Wright,Hydrographic surveyor,Kiribati,61.0,163,86.0,5697.61,55,103.59290909090909
462,463,Dr Leah Naylor,"Therapist, horticultural",Netherlands Antilles,61.0,175,74.0,5459.57,48,113.74104166666666
463,464,Mr Eric Walker,Legal secretary,Peru,22.0,177,87.0,2042.92,18,113.49555555555555
464,465,Victor Kay,"Runner, broadcasting/film/video",Romania,56.0,172,61.0,3346.98,26,128.73
465,466,Frank Knight,Sales executive,Tunisia,21.0,163,72.0,10490.8,39,268.99487179487176
466,467,Kimberley Webb,Site engineer,Australia,23.0,173,91.0,4138.34,38,108.90368421052632
468,469,Nicola Smith,"Surveyor, quantity",Saint Vincent and the Grenadines,49.0,194,70.0,2441.96,17,143.64470588235295
469,470,Gerald Barry,Hydrographic surveyor,Aruba,69.0,175,76.0,3630.16,31,117.10193548387096
470,471,Jason Evans,Public relations officer,Iran,47.0,163,80.0,3502.12,28,125.07571428571428
471,472,Georgina Hanson-Haynes,Adult guidance worker,Kazakhstan,64.0,156,55.0,14323.64,43,333.1079069767442
472,473,Richard Pearson,"Merchandiser, retail",Djibouti,52.0,152,76.0,6471.28,48,134.81833333333333
473,474,Mohammed Collins,Learning disability nurse,Mauritius,57.0,196,89.0,7667.17,60,127.78616666666667
474,475,Ashleigh Davies,Clinical molecular geneticist,Cuba,69.0,172,83.0,6361.29,51,124.73117647058824
475,476,Hayley Wood-Moss,Pension scheme manager,Saudi Arabia,33.0,195,61.0,2687.84,20,134.392
476,477,Keith Shepherd,Television production assistant,Tonga,30.0,192,94.0,3881.83,27,143.7714814814815
477,478,Mohamed Dale,Insurance account manager,Singapore,67.0,196,56.0,1916.21,16,119.763125
478,479,Miss Jill Harrison,Aid worker,Azerbaijan,59.0,194,59.0,6052.26,42,144.10142857142858
479,480,Ms Hilary Walters,"Therapist, speech and language",Burundi,47.0,167,94.0,52408.01,37,1416.4327027027027
480,481,Denise Moore,Public relations account executive,Macao,36.0,187,66.0,6518.09,33,197.5178787878788
481,482,Roger Bradley,Geochemist,French Guiana,34.0,184,75.0,9007.51,37,243.44621621621621
482,483,Bruce Norton,Technical sales engineer,Djibouti,36.0,164,70.0,3380.08,23,146.96
483,484,Glenn Walker-Green,Technical brewer,Suriname,45.0,174,77.0,3209.17,23,139.52913043478262
484,485,Phillip Buckley,Estate agent,United States Virgin Islands,43.0,186,95.0,38075.66,45,846.1257777777779
485,486,Paula Herbert,Arts development officer,Saint Martin,54.0,177,51.0,5344.63,41,130.3568292682927
486,487,Kerry May,Television production assistant,Morocco,43.0,159,92.0,7355.65,56,131.35089285714284
487,488,Lewis Wilson,Quantity surveyor,Ghana,40.0,188,50.0,13480.28,19,709.4884210526316
488,489,Ann Hamilton,"Doctor, hospital",Morocco,26.0,166,85.0,7720.94,55,140.38072727272726
489,490,Mr Howard Welch,"Scientist, research (physical sciences)",Netherlands Antilles,,188,75.0,7735.27,58,133.36672413793104
490,491,Mr Mohamed Holt,Water quality scientist,Sierra Leone,18.0,171,78.0,3282.5,26,126.25
491,492,Mr Joel Patel,Museum/gallery conservator,Peru,18.0,175,70.0,6954.74,19,366.038947368421
492,493,Katie Holden,Data scientist,Svalbard & Jan Mayen Islands,64.0,193,60.0,5034.64,42,119.87238095238096
493,494,Mr Gerald Thomas,Financial manager,Gibraltar,51.0,174,89.0,4791.3,37,129.4945945945946
494,495,Ms Melissa Morrison,Ambulance person,Dominica,49.0,166,60.0,7159.31,59,121.3442372881356
495,496,Dr Connor Wilkinson,"Teacher, primary school",Gabon,65.0,162,85.0,4122.21,35,117.77742857142857
496,497,Marie Cooke-O'Connor,Clinical molecular geneticist,Turkey,42.0,169,98.0,2666.24,21,126.96380952380952
497,498,Mitchell Robinson,"Engineer, aeronautical",Cambodia,57.0,174,88.0,8804.449999999999,17,517.9088235294117
498,499,Patrick Marsh,Advertising account executive,Panama,62.0,1530,89.0,3513.72,22,159.71454545454546
499,500,Arthur Fletcher,Prison officer,Mali,18.0,159,84.0,3403.98,29,117.37862068965518
