suspect_id,name,occupation,nationality,age,height_cm,weight_kg
1,William Jennings,"Designer, television/film set",Germany,56,165,52
2,Lesley Wilson-Newman,"Engineer, communications",Italy,69,188,90
3,Abdul Hopkins,Trade union research officer,Canada,46,154,94
4,Mrs Lauren Green,Corporate investment banker,Isle of Man,32,1.71,67
5,Tina Foster,Fitness centre manager,Portugal,60,178,96
6,Nigel Edwards,Associate Professor,Costa Rica,25,152,85
7,Abdul Burton-Patterson,Quarry manager,Isle of Man,38,161,96
8,Sarah Reed-Walsh,Meteorologist,Macao,56,175,71
9,Miss Olivia Bryan,"Surveyor, building",Singapore,36,165,83
10,Dr Lee Green,"Civil engineer, contracting",New Zealand,40,186,96
11,Eleanor Baker,"Scientist, clinical (histocompatibility and immunogenetics)",Uruguay,28,171,57
12,Wayne Gough,Company secretary,Latvia,28,178,89
13,Bernard Wilkinson-Simpson,Higher education careers adviser,Tunisia,41,163,98
14,Mrs Julia Harris,Charity officer,Thailand,53,177,93
15,Dylan Young,"Designer, multimedia",Saint Pierre and Miquelon,57,154,68
16,Ms Lindsey Rees,Government social research officer,Saint Lucia,4100,196,91
17,Geoffrey Griffin,"Production assistant, television",Bahamas,20,198,90
18,Megan Taylor,Scientific laboratory technician,Romania,39,179,86
19,Miss Carole Woods,Data processing manager,Burundi,19,195,55
20,Ms Sheila Evans,Press sub,Maldives,41,154,75
21,Aaron Harrison,"Chemist, analytical",Cote d'Ivoire,61,161,83
22,Brandon Hammond,Environmental education officer,Monaco,47,165,94
23,Graham Wilkinson,"Production designer, theatre/television/film",Greece,55,175,55
24,Amanda Hall,Magazine journalist,Panama,19,175,86
25,Frances Holmes-Lloyd,Aid worker,Lesotho,38,197,82
26,Mrs Pauline Fuller,Patent examiner,Malta,50,170,71
27,Dr Marc Phillips,Astronomer,Honduras,29,188,70
28,Ruth Hawkins,Occupational hygienist,Germany,39,185,55
29,Ms Jill Morley,Retail buyer,Zimbabwe,61,182,55
30,Bernard Wilkins,Midwife,China,42,179,97
31,Catherine Morris,Fashion designer,Kuwait,66,186,53
32,Wayne Morris,Nature conservation officer,United States Minor Outlying Islands,44,172,79
33,Dr Paula Lloyd,Ceramics designer,Martinique,59,159,60
34,Kathryn Hughes,Minerals surveyor,Guam,45,154,79
35,Mr William Gould,Environmental manager,Mayotte,33,185,80
36,Bethan Oliver,Air broker,Guinea,32,183,73
37,Lorraine Palmer,"Investment banker, operational",Philippines,64,180,58
38,Arthur Smith,Child psychotherapist,Sierra Leone,68,159,52
39,Christopher Davies,Legal executive,Trinidad and Tobago,61,168,80
40,Bethan Young,Dancer,Saint Helena,69,181,89
41,Dr Danny Cook,"Copywriter, advertising",Pitcairn Islands,20,150,86
42,Marion Steele-Harper,Arboriculturist,Norway,54,154,85
43,Wayne Page-Carter,Historic buildings inspector/conservation officer,Spain,68,194,73
44,Alexander Taylor,Public house manager,Puerto Rico,24,153,80
45,Frances Buckley-Ryan,Corporate treasurer,Estonia,38,165,55
46,Ms Kayleigh Watson,"Psychotherapist, child",New Zealand,26,173,51
47,David Anderson,"Production assistant, radio",Liberia,56,165,69
48,John Griffiths,Warden/ranger,Congo,35,151,77
49,Miss Alice Tomlinson,"Accountant, chartered public finance",Egypt,21,198,60
50,Simon Cunningham,Cartographer,Fiji,42,177,53
51,Joshua Stewart,Advertising account executive,Moldova,31,181,64
52,Philip Clarke,Furniture conservator/restorer,French Southern Territories,67,176,55
53,Henry O'Brien,"Engineer, structural",Czech Republic,26,169,98
54,Leon Davison,Dealer,Western Sahara,43,173,79
55,Kayleigh Mitchell,Sports therapist,French Southern Territories,19,161,87
56,Oliver Edwards-Matthews,Transport planner,Sierra Leone,37,199,51
57,Victor Patel,"Secretary, company",France,45,184,64
58,Eric O'Neill,Pharmacologist,Romania,64,182,60
59,Charlotte Haynes,Clinical psychologist,Cote d'Ivoire,24,182,57
60,Martyn Wilson,Homeopath,Portugal,61,192,75
61,Sarah Hammond,Field seismologist,Romania,25,186,94
62,Robert Wilson,Illustrator,Liechtenstein,64,161,93
63,Maria Bruce,Community development worker,Ghana,52,152,54
64,Olivia King,Art gallery manager,Lesotho,31,150,55
65,Kayleigh Daniels,Field trials officer,Guernsey,34,182,75
66,Gerard Jones,Personnel officer,Monaco,53,189,53
67,Dr Dennis Bates,Writer,Vietnam,67,159,68
68,Lydia Williams,"Programmer, systems",Vietnam,57,192,69
69,Dr Joan Taylor,Biomedical scientist,South Africa,21,193,82
70,Hazel Lambert,Clinical psychologist,Saint Helena,19,178,69
71,Adam Long,Restaurant manager,Falkland Islands (Malvinas),23,162,98
72,Leslie Roberts-Griffiths,"Therapist, speech and language",France,59,161,61
73,Barbara Wilkinson,Social worker,British Virgin Islands,21,180,96
74,Kirsty Akhtar,"Administrator, sports",Montserrat,46,195,50
75,Harry Gardiner,"Scientist, biomedical",Philippines,35,151,75
76,Melissa Mann,"Teacher, special educational needs",Mayotte,43,199,63
77,Mr Peter Riley,Financial controller,Hong Kong,61,184,87
78,Thomas Morgan,Cytogeneticist,Ukraine,51,172,86
79,Mr Jake Stevenson,"Horticulturist, amenity",Indonesia,27,166,60
80,Kenneth Taylor,"Pilot, airline",Svalbard & Jan Mayen Islands,53,175,85
81,Jennifer Lamb,Accommodation manager,Guatemala,31,157,62
82,Miss Carole Hussain,Volunteer coordinator,Zimbabwe,48,178,92
83,Ricky Adams-Jones,Manufacturing engineer,Sierra Leone,65,175,52
84,Stephanie Lloyd,Financial adviser,Spain,32,159,82
85,Leah Newman,"Teacher, English as a foreign language",Cameroon,25,175,55
86,Sally George,Pension scheme manager,French Guiana,31,183,99
87,Shane Kerr,"Embryologist, clinical",Armenia,40,190,59
88,Mr Matthew Hunt,Chartered certified accountant,France,57,156,54
89,Lucy Rees,"Scientist, research (physical sciences)",Zimbabwe,38,153,72
90,Hazel Taylor,Media planner,Rwanda,33,199,59
91,Mrs Ruth Smith,Broadcast journalist,Belgium,62,194,93
92,Michael Bibi,Secondary school teacher,Guatemala,35,160,51
93,Miss Danielle Martin,Sport and exercise psychologist,Uzbekistan,64,178,62
94,Charles Smith-Byrne,"Runner, broadcasting/film/video",Kenya,41,185,89
95,Brandon Hodgson,"Runner, broadcasting/film/video",Palau,43,174,51
96,Mrs Rebecca Hale,"Surveyor, building",Equatorial Guinea,42,170,69
97,Adam Ford,Advertising account planner,San Marino,62,185,50
98,Tina Pritchard,Newspaper journalist,Lesotho,58,159,86
99,Mrs Lesley Charlton,"Psychotherapist, dance movement",Croatia,46,186,58
100,Beverley Lee,Armed forces logistics/support/administrative officer,Cook Islands,32,158,66
101,Derek Talbot-Scott,Naval architect,Sweden,62,173,58
102,Arthur Bailey,Midwife,Mauritania,18,184,60
103,Dr Mohamed Webb,Forensic scientist,Faroe Islands,42,198,64
104,Holly Clark,"Administrator, sports",Venezuela,24,184,73
105,Julia Bryan,Marketing executive,Monaco,26,197,87
106,Sylvia Kelly-Ward,Broadcast journalist,Qatar,41,185,84
107,Elliott Davis,Location manager,Faroe Islands,18,167,79
108,Duncan Smith,Financial adviser,Burundi,61,198,80
109,Mr Jordan Thomson,Civil Service administrator,Botswana,25,188,98
110,Dr Daniel Harper,Television camera operator,Nicaragua,41,181,54
111,Mr Stanley Robinson,Learning mentor,Saint Vincent and the Grenadines,28,173,93
112,Melissa Fisher,Contracting civil engineer,Namibia,68,172,99
113,Mrs Victoria Tucker,Armed forces operational officer,Dominican Republic,34,181,63
114,Keith Kaur-Lee,Management consultant,Ecuador,25,186,60
115,Martyn Kennedy,Sports coach,Australia,52,161,58
116,Nicola Brookes,Lexicographer,Paraguay,52,198,83
117,Mr Antony Kelly,Economist,United Kingdom,50,162,61
118,Charlene Webb,"Psychologist, forensic",Marshall Islands,22,172,84
119,Dr Dylan Morris,Quality manager,Czech Republic,59,174,84
120,Amanda Simpson,"Education officer, environmental",Northern Mariana Islands,56,184,50
121,Mr Russell Jennings,Control and instrumentation engineer,Djibouti,58,190,89
122,Mohammed Gill-Ali,Biomedical scientist,Austria,45,179,71
123,Harry Phillips,"Programmer, systems",Bolivia,,166,78
124,Mr Karl Carr,Animator,Isle of Man,26,198,57
125,Dr Jamie Ryan,Hospital doctor,Greenland,25,169,60
126,Clive Rogers,"Engineer, drilling",Saint Barthelemy,29,197,90
127,Mr Nathan Brown,Armed forces logistics/support/administrative officer,Latvia,51,174,86
128,Suzanne Mills,"Engineer, communications",Bolivia,50,171,63
129,Mr Bradley Parsons,Architectural technologist,Pitcairn Islands,65,162,79
130,Marc Davies,Interpreter,Sierra Leone,40,168,84
131,Dr Stephen Clark,Insurance claims handler,Burundi,41,198,70
132,Louise Jackson-Robinson,"Scientist, biomedical",Albania,54,185,86
133,Michelle Anderson,Occupational therapist,Mexico,52,1.61,54
134,Miss Marion Butler,Speech and language therapist,Vanuatu,61,190,68
135,Kevin Cooper,Public librarian,Cayman Islands,57,168,63
136,Neil Smith,Forensic scientist,Ireland,39,161,75
137,Charlie Winter-Bennett,Animator,Palau,44,158,53
138,Glenn Peters,"Engineer, aeronautical",Vietnam,52,156,74
139,Albert Chapman-Williams,Higher education lecturer,Turkmenistan,18,177,94
140,Roger Johnson,Marketing executive,Turkey,52,163,91
141,Benjamin Peters,Art gallery manager,Lebanon,54,180,74
142,Tina Gordon-Miles,Learning disability nurse,Lesotho,64,168,67
143,Miss Julia Clarke,Government social research officer,Pakistan,31,196,89
144,Dr Annette Morris,Company secretary,Cook Islands,20,165,57
145,Cheryl Pearce,Mental health nurse,Saudi Arabia,18,154,88
146,Mrs Kathleen Hussain,Press sub,France,22,184,89
147,Miss Joan Williams,Office manager,Gibraltar,43,161,63
148,Kenneth Lewis,Printmaker,France,31,174,81
149,Mr Hugh Cunningham,Nature conservation officer,Oman,56,170,87
150,Mohamed Parkinson,"Librarian, academic",Bahamas,44,185,82
151,Mrs Elaine Davies,"Embryologist, clinical",United States of America,26,5'7'',72
152,Sandra Kennedy,Research scientist (maths),Seychelles,32,165,64
153,Lesley Robinson,Research scientist (medical),Benin,32,188,82
154,Alan Murphy,Mental health nurse,Pakistan,43,194,74
155,Gerard Chamberlain,"Scientist, physiological",Montserrat,59,191,66
156,Alex Hughes-Smith,"Geologist, engineering",Djibouti,30,188,82
157,Leigh Burgess,Charity fundraiser,Martinique,68,163,96
158,Mr Phillip Lloyd,Photographer,Saint Vincent and the Grenadines,49,180,51
159,Dr Peter Bevan,Careers information officer,Saint Kitts and Nevis,56,154,63
160,Mr Julian Browne,Planning and development surveyor,Thailand,66,184,89
161,Brett Hill,Town planner,Vietnam,69,172,89
162,Joel Stephens,Education administrator,Argentina,49,178,88
163,Dr Stewart Sharp,Sports administrator,United States Minor Outlying Islands,21,192,55
164,Allan Burke,Hospital doctor,Uruguay,47,160,55
165,Francis Bartlett,IT sales professional,China,54,167,52
166,Frank Power-Mitchell,"Civil engineer, contracting",Israel,40,196,56
167,Dr Elliot Jones,Cartographer,Turkmenistan,56,161,57
168,Valerie Williams,Land,Taiwan,62,158,91
169,Gareth Henry-Goodwin,Hotel manager,Christmas Island,32,159,64
170,Simon Khan,Information officer,Vietnam,60,193,96
171,Lorraine Faulkner,Product designer,Uruguay,46,166,78
172,Kenneth Collins-Miles,Toxicologist,Argentina,53,187,82
173,Donald Sanderson,Physiological scientist,Taiwan,30,156,79
174,Anna McCarthy,Dietitian,Indonesia,49,195,88
175,Mr Gerard Palmer,"Producer, radio",Solomon Islands,24,162,76
176,Stacey Burns,Make,Lithuania,68,189,85
177,Dr Sara Morris,Product manager,Colombia,39,191,78
178,Josh Bartlett,Archivist,Vietnam,45,158,87
179,Jamie Sharpe,Manufacturing engineer,San Marino,19,199,82
180,Stephen McCarthy,Volunteer coordinator,Tunisia,59,176,86
181,Declan Roberts,"Presenter, broadcasting",Vanuatu,62,151,76
182,Jake Gray-Bell,Haematologist,French Guiana,23,154,82
183,Vincent Payne,Barista,Turkey,45,178,53
184,Mrs Patricia Graham,Cabin crew,Argentina,45,186,71
185,Kate Clayton,"Optician, dispensing",Algeria,61,187,51
186,Janice Mills-Murphy,Medical physicist,French Southern Territories,61,168,59
187,Dr Olivia Mitchell,Scientific laboratory technician,Montenegro,37,157,54
188,Dr Malcolm Lee,"Designer, jewellery",Netherlands,47,197,59
189,John Morris,Airline pilot,Botswana,28,194,82
190,Melanie Wilson,Customer service manager,Vanuatu,45,150,87
191,Gail Thomas,Translator,Grenada,42,171,62
192,Catherine Ryan,Primary school teacher,Finland,56,166,80
193,Dorothy Wyatt,Animal nutritionist,Korea,50,156,96
194,Jenna Davies,Computer games developer,Norway,18,174,85
195,Raymond Hall,Broadcast engineer,Mayotte,44,194,94
196,Sheila Thompson-Jenkins,Fashion designer,Malta,69,153,73
197,Kevin Hobbs-O'Brien,Medical technical officer,Lithuania,30,185,64
198,Michelle Whitehead-Murray,Medical illustrator,Tuvalu,58,155,78
199,Declan Walker,Music therapist,Wallis and Futuna,20,180,57
200,Dr Sandra Wallis,Tax adviser,Burkina Faso,56,168,54
201,Terry Smith-Harrison,Amenity horticulturist,Thailand,23,193,78
202,Amelia Foster-O'Neill,Trade union research officer,Madagascar,25,188,96
203,Michael Ward,"Designer, exhibition/display",Lao People's Democratic Republic,44,176,53
204,Miss Janet Lowe,"Production assistant, television",Faroe Islands,26,159,61
205,Mrs Anna Fuller,Metallurgist,Congo,54,175,94
206,Alexandra Hunt,Meteorologist,Sudan,50,168,51
207,Bernard Goddard,"Producer, radio",Bouvet Island (Bouvetoya),68,188,76
208,Ms Amber Arnold,Camera operator,Greenland,59,152,80
209,Cheryl Mann-Powell,"Teacher, secondary school",Central African Republic,61,194,85
210,Donald Williams,"Copywriter, advertising",Saint Martin,41,162,85
211,Bryan Phillips-Barton,Senior tax professional/tax inspector,Kuwait,32,199,75
212,Mr Bradley Wallace,Medical technical officer,Oman,49,177,92
213,Kate Pearce,Occupational therapist,Equatorial Guinea,49,169,76
214,Karl Holt,Interior and spatial designer,Saint Barthelemy,41,177,54
215,Ben Clayton,Health promotion specialist,Colombia,58,157,69
216,Stacey Roberts,Fisheries officer,American Samoa,69,190,60
217,Miss Hilary Harrison,Clothing/textile technologist,Saint Pierre and Miquelon,66,188,59
218,Ashleigh Boyle-Wells,Agricultural engineer,Guadeloupe,66,150,89
219,Alice Atkinson,Electronics engineer,Somalia,69,152,87
220,Ricky Reed,Restaurant manager,French Polynesia,29,162,55
221,Frank Berry-Hughes,"Scientist, marine",Montenegro,56,177,57
222,Mr Jordan Harris,Naval architect,Peru,19,198,72
223,Ms Natasha Adams,"Surveyor, planning and development",Saudi Arabia,20,174,96
224,Dr Julia Hill,Commercial/residential surveyor,Congo,66,182,75
225,Miss Stacey Campbell,Garment/textile technologist,China,54,187,95
226,Natasha Smith-O'Neill,Gaffer,New Zealand,66,155,92
227,Sally Baldwin,Product designer,Togo,34,193,61
228,Leigh Gallagher,"Engineer, site",Northern Mariana Islands,66,194,75
229,Jodie White,Veterinary surgeon,Ukraine,19,181,62
230,Marcus Anderson,Higher education lecturer,Iraq,19,194,89
231,Alison Doyle,Recycling officer,Sweden,45,196,67
232,Ms Kathleen Brown,"Engineer, communications",Japan,40,170,74
233,Philip Robertson,Community education officer,Malaysia,54,165,82
234,Julia Harris,Control and instrumentation engineer,Greece,49,170,96
235,Frances Taylor,"Buyer, retail",Benin,,160,89
236,Lee Wong,Production engineer,Iran,18,186,92
237,Patrick Jones,Drilling engineer,Paraguay,36,185,61
238,Ronald Gallagher,"Producer, television/film/video",Bhutan,19,184,93
239,Hayley Singh,Chartered loss adjuster,Colombia,61,168,85
240,Kevin Fuller,IT consultant,Burundi,43,169,97
241,Dr Deborah Mellor,"Loss adjuster, chartered",Lesotho,49,167,53
242,Richard Hayes,Bookseller,Gibraltar,23,196,54
243,Dr Luke Turner,Statistician,Vietnam,49,190,86
244,Ashleigh Miller,Special effects artist,Egypt,21,198,57
245,Joel James,Horticultural therapist,Albania,28,163,91
246,Amber Palmer,Hydrologist,Eritrea,34,164,98
247,Kieran Taylor,"Designer, industrial/product",Hungary,55,180,77
248,Miss Ruth Houghton,Ecologist,Dominica,41,150,80
249,Adam May,Medical illustrator,Kiribati,22,152,58
250,Aimee Kelly,Rural practice surveyor,Sao Tome and Principe,69,165,78
251,Simon Fraser,Environmental manager,Ethiopia,51,172,63
252,Julia Tucker,Community development worker,Zimbabwe,23,160,89
253,Yvonne Price,"Engineer, control and instrumentation",Greenland,39,161,90
254,Damian Harris,Corporate treasurer,Gabon,28,159,71
255,Dawn Goddard,Fast food restaurant manager,Myanmar,65,181,60
256,Julian Hammond-Barnes,"Research officer, political party",Saint Kitts and Nevis,33,165,72
257,Aimee Wright-Roberts,Agricultural engineer,Montserrat,50,157,50
258,Kirsty Clark,Media planner,Algeria,26,187,95
259,Josephine Bray,"Surveyor, building",Eritrea,23,161,86
260,Rachel Hammond-Thompson,"Teacher, primary school",Palau,33,173,70
261,Hilary Morris-Pearce,"Merchandiser, retail",Guyana,46,177,75
262,Beverley Harvey-Holmes,"Psychologist, sport and exercise",Puerto Rico,20,157,95
263,Reece Hewitt-Knight,Structural engineer,Dominica,37,177,85
264,Gerald Francis,"Conservation officer, nature",Bahamas,53,185,72
265,Alexandra Hunter,Veterinary surgeon,Papua New Guinea,36,175,50
266,Malcolm Payne,Chartered legal executive (England and Wales),British Indian Ocean Territory (Chagos Archipelago),43,157,89
267,Hazel Lee,Brewing technologist,Lao People's Democratic Republic,20,199,64
268,Billy Watson,Insurance broker,Gambia,36,177,70
269,Dr Gerard Thomas,Occupational therapist,Cayman Islands,37,177,96
270,Mr Damian Reynolds,Quality manager,Iraq,49,186,58
271,Bradley Clayton,Secondary school teacher,Poland,24,190,58
272,Charlie Thomson,Paediatric nurse,Macao,69,185,59
273,Jordan Jones,Outdoor activities/education manager,Uzbekistan,58,176,75
274,Miss Georgia Davies,"Teacher, special educational needs",Ukraine,50,166,90
275,Mr Roger Ali,"Buyer, retail",Tuvalu,57,158,84
276,Gareth Adams,Comptroller,Romania,56,182,74
277,Mrs Carole Nicholson,Investment analyst,Sierra Leone,35,169,75
278,Georgia Clark-Clements,"Buyer, retail",Georgia,57,162,60
279,Mr Hugh Taylor,"Production assistant, television",Portugal,18,177,87
280,Russell Holloway,"Psychologist, prison and probation services",British Indian Ocean Territory (Chagos Archipelago),28,197,51
281,Jeremy Johnson,"Scientist, forensic",Northern Mariana Islands,45,178,56
282,Terry Williams,Local government officer,United States Virgin Islands,42,5'6'',67
283,Clare Phillips,"Conservation officer, historic buildings",Wallis and Futuna,67,195,76
284,Dawn Williams,Structural engineer,French Polynesia,40,184,83
285,Norman O'Neill-Simpson,Theatre manager,Heard Island and McDonald Islands,48,155,76
286,Trevor Ellis,"Education officer, environmental",Nicaragua,47,167,66
287,Julia Brown-Miles,"Conservation officer, nature",Cyprus,59,154,92
288,Amy Hall,Police officer,Cyprus,52,196,93
289,Josephine Lee,Retail buyer,Burkina Faso,24,174,73
290,Jacob Bond,Automotive engineer,Lesotho,33,151,74
291,Lynne Lee-Robinson,Company secretary,Cape Verde,43,159,56
292,Carole Fisher,"Scientist, marine",Korea,65,179,55
293,Ms Abbie Buckley,"Designer, ceramics/pottery",San Marino,69,199,73
294,Janet White,Industrial buyer,New Caledonia,66,194,82
295,Dr Ronald McDonald,"Development worker, international aid",Holy See (Vatican City State),19,154,98
296,Aaron Perry,"Designer, television/film set",Israel,18,182,78
297,Leanne Smart-Jackson,IT trainer,Reunion,65,150,92
298,Duncan Taylor,Equality and diversity officer,Mexico,29,167,71
299,Max Jones,Logistics and distribution manager,United States Minor Outlying Islands,22,181,75
300,Dr Carole Begum,"Scientist, physiological",Latvia,54,196,77
301,Mr Damien Smith,Herpetologist,Saudi Arabia,49,198,99
302,Ms Chelsea Thomas,Careers information officer,Mauritania,26,160,70
303,Frank Cole-Barker,Fitness centre manager,Spain,58,170,98
304,Ms Mandy Arnold,"Engineer, chemical",Papua New Guinea,52,175,56
305,Lynda Arnold,Structural engineer,Sweden,36,174,66
306,Mrs Beverley Spencer,Haematologist,Cuba,65,171,69
307,Thomas Wood,Comptroller,Serbia,33,176,90
308,Ms Lisa Jones,Immunologist,Egypt,20,198,98
309,Judith Johnson-Simmons,Volunteer coordinator,Pitcairn Islands,37,162,69
310,Maria Davis,"Social research officer, government",Saudi Arabia,41,182,71
311,Dr Sam Johnson,Chief Financial Officer,Nepal,50,183,77
312,Dr Mathew Fowler,Retail buyer,Tunisia,41,190,89
313,Elaine Yates,Dispensing optician,Solomon Islands,69,184,98
314,Pauline Morris-Williams,"Therapist, drama",Belgium,28,150,56
315,Ellie Campbell,Telecommunications researcher,Malta,66,170,50
316,Melissa Thompson,"Designer, exhibition/display",Kiribati,25,,81
317,Lauren Thomas-Coles,Dramatherapist,Marshall Islands,53,155,62
318,Eleanor Patel-Lane,Trade union research officer,Romania,55,177,79
319,Russell Armstrong,Leisure centre manager,Guyana,57,166,72
320,Mr Graham Jarvis,"Surveyor, rural practice",Belarus,37,154,68
321,Karl Bibi,Architectural technologist,United States Virgin Islands,52,180,81
322,Rachael Walker,Air cabin crew,Mongolia,,154,79
323,Megan Hall,Ceramics designer,Bouvet Island (Bouvetoya),42,187,78
324,Fiona Smith-Potts,Armed forces technical officer,Bahamas,52,152,98
325,Dr Gareth Davies,Technical author,Switzerland,42,172,94
326,Deborah Williams,Geochemist,Mexico,46,186,78
327,Miss Frances Hunt,"Engineer, materials",United Kingdom,35,186,79
328,Malcolm Murphy-Atkins,"Teacher, music",Madagascar,63,159,65
329,Dr Michelle Smith,Pension scheme manager,Cook Islands,35,159,89
330,Antony Allen,Waste management officer,Montserrat,19,168,68
331,Sean Brown-Burke,Airline pilot,Mauritania,52,166,67
332,Miss Rebecca Armstrong,Research scientist (medical),Canada,33,170,50
333,Peter Walker,Sports administrator,Chad,58,163,63
334,Frederick Lee-Cooke,Horticultural consultant,Greece,53,158,96
335,Mr Leon Roberts,Immigration officer,Timor-Leste,50,195,99
336,Ellie Bates,Radiation protection practitioner,Mali,21,150,51
337,Annette Davey-Read,Financial risk analyst,Kenya,50,194,77
338,Brian Johnson,"Optician, dispensing",Brazil,31,162,98
339,Brandon Thomas,Human resources officer,Pitcairn Islands,38,153,99
340,Dr Andrew Jackson,Professor Emeritus,Costa Rica,65,150,79
341,Gary Green-Harris,"Buyer, industrial",Saint Barthelemy,37,198,87
342,Gavin Jarvis-Daniels,Best boy,Myanmar,25,189,53
343,Justin Hill,"Designer, industrial/product",Liechtenstein,24,181,50
344,Jennifer Smith-West,Printmaker,Bermuda,20,183,57
345,Sean Morris,Pathologist,United Arab Emirates,34,177,78
346,Mrs Joan Robson,Radio broadcast assistant,Malawi,50,180,88
347,Jade Taylor,"Psychologist, forensic",Kiribati,65,157,52
348,Tom Robinson-Morgan,"Engineer, electronics",Sudan,29,188,81
349,Dr Jordan Pearson,"Librarian, public",Azerbaijan,68,175,59
350,Holly Wilkinson,Training and development officer,Korea,39,183,59
351,Jeffrey Davies,Cytogeneticist,Bulgaria,39,152,68
352,Wayne Jackson,Intelligence analyst,Malaysia,63,199,95
353,Dr Alexander Davies,"Investment banker, operational",Israel,47,161,83
354,James Bibi,Location manager,Korea,55,150,82
355,Ben Austin,Oceanographer,Mongolia,55,193,72
356,Josephine Collins,"Conservator, furniture",Azerbaijan,62,154,77
357,Dr Bruce Atkins,Metallurgist,Monaco,68,179,81
358,Mrs Diane Thomas,"Scientist, biomedical",Kyrgyz Republic,25,179,99
359,Kathleen Turner,"Surveyor, planning and development",Peru,44,166,56
360,Sophie Henry,Claims inspector/assessor,Sri Lanka,44,197,78
361,Joseph McCarthy,"Investment banker, operational",Gambia,51,196,57
362,Dr Francesca Cox,Financial controller,Saint Kitts and Nevis,38,172,50
363,Lynne Waters,"Psychologist, prison and probation services",Angola,47,164,52
364,Dr Mohammad Miles,Community education officer,Indonesia,50,186,73
365,Christine Marshall-Brennan,"Geologist, engineering",Equatorial Guinea,45,170,72
366,Terence Davis,"Production assistant, television",Svalbard & Jan Mayen Islands,64,163,57
367,Amelia Owen,Firefighter,Afghanistan,50,151,
368,Antony Long,Counsellor,Samoa,22,160,86
369,Barbara Morgan-Wells,Chief Strategy Officer,Cuba,65,188,52
370,Dr Jordan Adams,Arts administrator,Mozambique,36,187,82
371,Stanley Anderson,Horticultural therapist,Barbados,21,183,77
372,Jessica Fitzgerald,Music tutor,Aruba,52,187,96
373,Samantha Greenwood,Warden/ranger,Jamaica,66,199,57
374,Janet Burke,Personal assistant,Guatemala,34,183,83
375,Stuart Grant,Fish farm manager,Reunion,61,167,84
376,Mr Roger Russell,"Designer, jewellery",Bahrain,45,179,81
377,Mr Ashley Taylor,Land,Mauritius,47,164,73
378,Emily Henderson,Technical brewer,Bahamas,46,176,63
379,Mr William Benson,Intelligence analyst,Vietnam,63,183,81
380,Emily Brown,Energy manager,Uganda,23,187,95
381,Mr Billy Turnbull,"Designer, jewellery",Bangladesh,52,182,92
382,Holly Barnett,Research scientist (physical sciences),Vietnam,58,173,65
383,Rhys Carey-Morris,"Scientist, biomedical",Latvia,54,164,53
384,Francis Hobbs,"Psychologist, sport and exercise",Antigua and Barbuda,41,179,86
385,Bryan Griffiths,Research scientist (physical sciences),France,46,191,70
386,Jamie Harding,Insurance account manager,Ireland,66,166,63
387,Lydia Bishop,Research scientist (medical),Cocos (Keeling) Islands,63,154,80
388,Danny Robson,Advice worker,Seychelles,48,178,97
389,Marilyn Baker,Chemical engineer,Burkina Faso,52,153,67
390,Mrs Grace Edwards,"Nurse, learning disability",Seychelles,50,159,56
391,Alan Sutton,Risk analyst,Norway,69,166,59
392,Ms Charlotte Clarke,"Programmer, systems",Saint Lucia,38,159,56
393,Elliott Grant,Financial adviser,Oman,49,166,82
394,Ben Palmer-Anderson,"Engineer, structural",Italy,40,169,72
395,Carole Lowe-Sykes,Television production assistant,Holy See (Vatican City State),50,173,70
396,Mr Toby Horton,Manufacturing engineer,Uganda,20,154,68
397,Mr Robin Price,Art therapist,Hong Kong,35,183,97
398,Chelsea Cook,Arts administrator,Kiribati,42,155,68
399,Marc Sanderson,Herbalist,Trinidad and Tobago,59,151,85
400,Sally Pugh,"Research officer, trade union",United States Virgin Islands,48,162,78
401,Scott Patel,"Therapist, speech and language",United States of America,20,192,67
402,Amelia Preston,"Psychotherapist, dance movement",Honduras,57,192,51
403,Joanne Lee,Higher education lecturer,Honduras,63,197,50
404,Alexandra Glover,Software engineer,Belgium,41,160,96
405,Christian Barker-Humphreys,Actuary,Pitcairn Islands,67,196,54
406,Leonard Moore,Clinical cytogeneticist,Panama,49,172,69
407,Benjamin Ali,Plant breeder/geneticist,Tunisia,64,165,60
408,Dr Richard Morgan,Contractor,Mauritius,39,180,91
409,Dean Parsons,"Geneticist, molecular",Burkina Faso,40,160,51
410,Howard Kelly,Medical secretary,Palau,19,165,52
411,Cameron Wilson,Operational researcher,Tokelau,44,157,72
412,Melanie Brady,Medical secretary,Guernsey,59,153,61
413,Mrs Olivia Allen,Armed forces technical officer,British Indian Ocean Territory (Chagos Archipelago),19,189,69
414,Dr Leonard Simpson,Oncologist,Christmas Island,43,153,54
415,Mr Leon Murray,Arts development officer,Mauritania,34,174,86
416,Dr Stephen Gardner,"Teacher, early years/pre",India,57,152,87
417,Dean Woodward-Dodd,"Surveyor, planning and development",Marshall Islands,50,181,79
418,Rachel Sullivan,"Engineer, broadcasting (operations)",Brunei Darussalam,26,152,58
419,Mrs Rachel Cox,Medical laboratory scientific officer,Saint Lucia,60,176,83
420,Joanne Morris,Surgeon,Czech Republic,65,178,93
421,Paige Burton,Homeopath,Syrian Arab Republic,56,181,84
422,Ms Sheila Webster,"Buyer, retail",Afghanistan,46,199,71
423,Mrs Margaret Bryan,Nature conservation officer,Saudi Arabia,59,168,93
424,Mr Tom Reeves,Retail merchandiser,Angola,43,170,73
425,Mohamed Douglas,"Production designer, theatre/television/film",French Southern Territories,52,154,66
426,Ross Carroll,Statistician,Kyrgyz Republic,67,167,59
427,Molly Clark,Health service manager,Peru,42,177,79
428,Mrs Jean Davies,Youth worker,Saint Helena,41,191,95
429,Norman Hill,Tree surgeon,Mayotte,30,171,72
430,Gemma Quinn-Robinson,Commissioning editor,Jamaica,24,170,81
431,Sarah Martin,"Conservation officer, historic buildings",Martinique,53,155,66
432,Diane Miller,Chief Strategy Officer,Hong Kong,62,150,99
433,Maureen O'Neill-Stephenson,"Nurse, mental health",Swaziland,37,154,66
434,Ms Emily Palmer,Midwife,Denmark,18,190,63
435,Geoffrey Knight-Lee,"Librarian, academic",Egypt,25,161,58
436,Dr Alan Frost,"Surveyor, insurance",Kuwait,63,175,89
437,Michael Williams-Nicholls,Medical secretary,Guatemala,33,195,51
438,Sally Allen,Cytogeneticist,Cape Verde,31,183,94
439,Reece Ellis,"Engineer, civil (contracting)",Falkland Islands (Malvinas),29,198,74
440,Miss Amy Gibbons,Town planner,Comoros,68,163,88
441,Ms Rosie Nicholls,Sales executive,Vietnam,40,175,58
442,Jeremy Nicholson-Watts,Operational investment banker,Turkey,32,194,71
443,Marion Fox,"Restaurant manager, fast food",Saint Kitts and Nevis,45,176,92
444,Simon Byrne,Architect,Serbia,51,158,95
445,Judith Morton-Marsh,Armed forces technical officer,Bouvet Island (Bouvetoya),19,175,53
446,Kathryn Parkinson,Arboriculturist,Antigua and Barbuda,49,196,
447,Conor O'Connor,"Copywriter, advertising",Sudan,40,171,78
448,Dr Clive Wood,"Lecturer, further education",Panama,39,196,94
449,Mr Terence Webb,Public relations account executive,Italy,68,179,83
450,Sandra Coleman-Gould,"Scientist, physiological",Nicaragua,42,192,72
451,Mr Craig Watson,"Programmer, multimedia",Seychelles,39,197,86
452,Louis Hall,Database administrator,Vietnam,39,166,60
453,Gregory Patterson,Trading standards officer,Turks and Caicos Islands,66,175,55
454,Danny Woods,"Scientist, biomedical",Tuvalu,69,185,67
455,Shaun Taylor,Counselling psychologist,Andorra,59,150,70
456,Charles Hayes,Land,Dominican Republic,23,157,91
457,Marie Williams,Video editor,Costa Rica,32,198,85
458,Valerie Wright-Parsons,"Investment banker, operational",Bangladesh,60,184,90
459,Denise Hall,"Designer, textile",Bolivia,54,164,87
460,Jacqueline Connolly,"Nurse, learning disability",Nepal,50,196,83
461,Lisa Berry-Stewart,Warehouse manager,Antigua and Barbuda,25,171,66
462,Cheryl Wright,Hydrographic surveyor,Kiribati,61,163,86
463,Dr Leah Naylor,"Therapist, horticultural",Netherlands Antilles,61,175,74
464,Mr Eric Walker,Legal secretary,Peru,22,177,87
465,Victor Kay,"Runner, broadcasting/film/video",Romania,56,172,61
466,Frank Knight,Sales executive,Tunisia,21,163,72
467,Kimberley Webb,Site engineer,Australia,23,173,91
468,Dr Luke Pollard,Recruitment consultant,Ecuador,62,151,71
469,Nicola Smith,"Surveyor, quantity",Saint Vincent and the Grenadines,49,194,70
470,Gerald Barry,Hydrographic surveyor,Aruba,69,175,76
471,Jason Evans,Public relations officer,Iran,47,163,80
472,Georgina Hanson-Haynes,Adult guidance worker,Kazakhstan,64,156,55
473,Richard Pearson,"Merchandiser, retail",Djibouti,52,152,76
474,Mohammed Collins,Learning disability nurse,Mauritius,57,196,89
475,Ashleigh Davies,Clinical molecular geneticist,Cuba,69,172,83
476,Hayley Wood-Moss,Pension scheme manager,Saudi Arabia,33,195,61
477,Keith Shepherd,Television production assistant,Tonga,30,192,94
478,Mohamed Dale,Insurance account manager,Singapore,67,196,56
479,Miss Jill Harrison,Aid worker,Azerbaijan,59,194,59
480,Ms Hilary Walters,"Therapist, speech and language",Burundi,47,167,94
481,Denise Moore,Public relations account executive,Macao,36,187,66
482,Roger Bradley,Geochemist,French Guiana,34,184,75
483,Bruce Norton,Technical sales engineer,Djibouti,36,164,70
484,Glenn Walker-Green,Technical brewer,Suriname,45,174,77
485,Phillip Buckley,Estate agent,United States Virgin Islands,43,186,95
486,Paula Herbert,Arts development officer,Saint Martin,54,177,51
487,Kerry May,Television production assistant,Morocco,43,159,92
488,Lewis Wilson,Quantity surveyor,Ghana,40,188,50
489,Ann Hamilton,"Doctor, hospital",Morocco,26,166,85
490,Mr Howard Welch,"Scientist, research (physical sciences)",Netherlands Antilles,,188,75
491,Mr Mohamed Holt,Water quality scientist,Sierra Leone,18,171,78
492,Mr Joel Patel,Museum/gallery conservator,Peru,18,175,70
493,Katie Holden,Data scientist,Svalbard & Jan Mayen Islands,64,193,60
494,Mr Gerald Thomas,Financial manager,Gibraltar,51,174,89
495,Ms Melissa Morrison,Ambulance person,Dominica,49,166,60
496,Dr Connor Wilkinson,"Teacher, primary school",Gabon,65,162,85
497,Marie Cooke-O'Connor,Clinical molecular geneticist,Turkey,42,169,98
498,Mitchell Robinson,"Engineer, aeronautical",Cambodia,57,174,88
499,Patrick Marsh,Advertising account executive,Panama,62,1530,89
500,Arthur Fletcher,Prison officer,Mali,18,159,84
